line,comparison,region,position_class,side_of_strong_line,corr,nmse,phase_rmse_rad,amplitude_nrmse
0,whole_forward_vs_reverse,input_128,edge,before,0.9999581414084394,8.371543097922702e-05,0.01525292797125236,0.0064705403737120686
0,whole_forward_vs_reverse,embedded_200,edge,before,0.9910571733468493,0.01845410151096234,0.12842320432692628,0.09749214999486432
0,whole_forward_vs_reverse,heldout_72,edge,before,0.9727175469975003,0.062144326323657496,0.2130702951956224,0.17891390573049762
0,whole_forward_vs_reverse,extrapolated_outside_200,edge,before,0.9501917196372153,0.13511387908888425,0.2512442119383262,0.32520358741729644
0,whole_forward_vs_reverse,full_K,edge,before,0.9642685800595978,0.08062755169965144,0.22686090535123454,0.24658114108096113
0,whole_forward_vs_independent,input_128,edge,before,1.0,0.0,1.8543327584222704e-17,0.0
0,whole_forward_vs_independent,embedded_200,edge,before,1.0,0.0,1.7675890627559732e-17,0.0
0,whole_forward_vs_independent,heldout_72,edge,before,0.9999999999999998,0.0,1.6018211061870363e-17,0.0
0,whole_forward_vs_independent,extrapolated_outside_200,edge,before,0.9999999999999998,0.0,1.6649767243980307e-17,0.0
0,whole_forward_vs_independent,full_K,edge,before,1.0,0.0,1.69121358594473e-17,0.0
0,whole_reverse_vs_independent,input_128,edge,before,0.9999581414084397,8.3715430979227e-05,0.01525292797125236,0.006470540373712089
0,whole_reverse_vs_independent,embedded_200,edge,before,0.9910571733468493,0.019310970135449357,0.12842320432692628,0.09972037298358119
0,whole_reverse_vs_independent,heldout_72,edge,before,0.9727175469975003,0.07314388914221014,0.2130702951956224,0.19408452399774823
0,whole_reverse_vs_independent,extrapolated_outside_200,edge,before,0.9501917196372153,0.23057378873113762,0.2512442119383262,0.4248101083944159
0,whole_reverse_vs_independent,full_K,edge,before,0.9642685800595978,0.10627761979814355,0.22686090535123454,0.28308787569670857
0,author_L4_forward_vs_reverse,input_128,edge,before,0.9750355016443475,0.04930577053315552,0.21545094497086245,0.146860033934374
0,author_L4_forward_vs_reverse,embedded_200,edge,before,0.97595690171658,0.0475509544047854,0.19802622811163587,0.1575473175517444
0,author_L4_forward_vs_reverse,heldout_72,edge,before,0.9780415145664765,0.043857182159820075,0.16249920358151487,0.17795817870831265
0,author_L4_forward_vs_reverse,extrapolated_outside_200,edge,before,0.9563334605153796,0.0882389924856205,0.24287066758374035,0.25925221629149137
0,author_L4_forward_vs_reverse,full_K,edge,before,0.9627691796496498,0.07431211149112357,0.2324719717180099,0.2295693487246915
0,author_L4_forward_vs_independent,input_128,edge,before,0.02070383825879063,0.9995713510813538,1.7554792732060656,0.9826462360487309
0,author_L4_forward_vs_independent,embedded_200,edge,before,0.04546250060048025,0.998684908154484,1.7434583049463823,0.9827555273479227
0,author_L4_forward_vs_independent,heldout_72,edge,before,0.10519678144592783,0.9968190042417711,1.7218804923256719,0.9829855386178774
0,author_L4_forward_vs_independent,extrapolated_outside_200,edge,before,0.048756465668884114,1.0009254755326344,1.8210660652731603,0.9862891873881701
0,author_L4_forward_vs_independent,full_K,edge,before,0.01984753418206048,1.00015856425582,1.8019775042543484,0.9850810974889677
0,author_L4_reverse_vs_independent,input_128,edge,before,0.051069463269246024,0.997391909921391,1.7457179040544288,0.9559255075841715
0,author_L4_reverse_vs_independent,embedded_200,edge,before,0.051886972824106356,0.9974613869596776,1.7443105890948132,0.9566128678549182
0,author_L4_reverse_vs_independent,heldout_72,edge,before,0.06353036667808915,0.9976125918819466,1.7418058882833947,0.9581070858205937
0,author_L4_reverse_vs_independent,extrapolated_outside_200,edge,before,0.040383987589357566,1.0035076396113467,1.8246903042058278,0.965863380819756
0,author_L4_reverse_vs_independent,full_K,edge,before,0.016449839613909712,1.0012882618232275,1.8049309924493349,0.9624781538837494
1,whole_forward_vs_reverse,input_128,edge,before,0.9999909896630608,1.8020592692305876e-05,0.006771827016802083,0.0031705906101414925
1,whole_forward_vs_reverse,embedded_200,edge,before,0.9908542762104139,0.018268390573551563,0.32140426021190316,0.08498084458931546
1,whole_forward_vs_reverse,heldout_72,edge,before,0.9455518910192976,0.1081231314786815,0.5355976661430244,0.20670783349409894
1,whole_forward_vs_reverse,extrapolated_outside_200,edge,before,0.7205264369133243,1.0072465941442104,1.613629416358085,0.6876915847958555
1,whole_forward_vs_reverse,full_K,edge,before,0.937986923273387,0.13475632723198439,1.4066538645390667,0.24914757851520442
1,whole_forward_vs_independent,input_128,edge,before,0.9999362395779078,0.00012751677879331295,0.02674343449835851,0.008313916255038491
1,whole_forward_vs_independent,embedded_200,edge,before,0.9913987096288523,0.017167169281405267,0.36791958793830215,0.08945409449562697
1,whole_forward_vs_independent,heldout_72,edge,before,0.948855107353242,0.1010610060826009,0.6121616706481823,0.2169316039539728
1,whole_forward_vs_independent,extrapolated_outside_200,edge,before,0.6438951062720909,0.846216853320449,1.3773753474452657,0.5935169197702447
1,whole_forward_vs_independent,full_K,edge,before,0.9436929704117993,0.11481774108607906,1.2069438021754149,0.22034321139709664
1,whole_reverse_vs_independent,input_128,edge,before,0.9999485082459348,0.00010298085672966703,0.030436018928329187,0.007272389903376027
1,whole_reverse_vs_independent,embedded_200,edge,before,0.9792316568317573,0.04157132893464853,0.5434338975830407,0.1205237254285536
1,whole_reverse_vs_independent,heldout_72,edge,before,0.8740407987271276,0.2533266853632421,0.9048135723320199,0.29737483220882366
1,whole_reverse_vs_independent,extrapolated_outside_200,edge,before,0.32726149713336256,1.1325753065327269,1.7420063267630974,0.4838820007885229
1,whole_reverse_vs_independent,full_K,edge,before,0.85594746255072,0.2784887692918949,1.532895832117293,0.24943283106660574
1,author_L4_forward_vs_reverse,input_128,edge,before,0.8723210560787508,0.23905597512165314,0.8137671607892999,0.3351903817549474
1,author_L4_forward_vs_reverse,embedded_200,edge,before,0.9025670947983265,0.19340449040863725,0.902929755650428,0.3107409919443547
1,author_L4_forward_vs_reverse,heldout_72,edge,before,0.9456854385689599,0.1437545880917489,1.0427837593729739,0.28175189019825314
1,author_L4_forward_vs_reverse,extrapolated_outside_200,edge,before,0.9460748497592636,0.16140781969340898,1.3709215785804858,0.28573264957135613
1,author_L4_forward_vs_reverse,full_K,edge,before,0.9334448828909834,0.16899850219667975,1.2701929053781333,0.2918594111843488
1,author_L4_forward_vs_independent,input_128,edge,before,0.03272990932419521,0.9989287530356301,1.791210022276211,0.9761617595892267
1,author_L4_forward_vs_independent,embedded_200,edge,before,0.0371498940943302,0.9994185415901886,1.7687415357376088,0.9833757088482393
1,author_L4_forward_vs_independent,heldout_72,edge,before,0.1008488990718525,0.9999512286220044,1.7280763873176044,0.9911618942062289
1,author_L4_forward_vs_independent,extrapolated_outside_200,edge,before,0.022781133311192886,1.0001468901950994,1.8288179008044096,0.9964522119356508
1,author_L4_forward_vs_independent,full_K,edge,before,0.009562512494408296,0.9999741014990259,1.8139853474567662,0.9933656017472239
1,author_L4_reverse_vs_independent,input_128,edge,before,0.035097879316494725,0.9987681388674848,1.8227083126005437,0.9707661362696048
1,author_L4_reverse_vs_independent,embedded_200,edge,before,0.04821132438194511,0.9982792565723676,1.835755252121671,0.9781808065695562
1,author_L4_reverse_vs_independent,heldout_72,edge,before,0.1032621442738587,0.9976579665718679,1.8587237006175783,0.9875233207447742
1,author_L4_reverse_vs_independent,extrapolated_outside_200,edge,before,0.022090850259301055,1.0003242465865458,1.804522291537,0.9954353302242047
1,author_L4_reverse_vs_independent,full_K,edge,before,0.015198446897107316,0.9997983269502717,1.812380992482964,0.9910265991315662
2,whole_forward_vs_reverse,input_128,edge,before,0.9999902926068456,1.9414692075467763e-05,0.005967154275712641,0.0028929577070742262
2,whole_forward_vs_reverse,embedded_200,edge,before,0.9881110931979783,0.02368096089666544,0.22822212893991176,0.10748239618572616
2,whole_forward_vs_reverse,heldout_72,edge,before,0.949751607627798,0.09877575080401016,0.38028699579896824,0.2195222825255638
2,whole_forward_vs_reverse,extrapolated_outside_200,edge,before,0.9375313567847257,0.12792972170723105,0.5471511029450569,0.23569401701705306
2,whole_forward_vs_reverse,full_K,edge,before,0.9745982360544269,0.05085207770032624,0.48739314944401974,0.15172442056925142
2,whole_forward_vs_independent,input_128,edge,before,0.9999595019976504,8.099436461072997e-05,0.011579065019977812,0.006497877359351367
2,whole_forward_vs_independent,embedded_200,edge,before,0.9849268885405079,0.030118711884897148,0.3106815607328847,0.11394226669785086
2,whole_forward_vs_independent,heldout_72,edge,before,0.9370502630392243,0.1254495946166651,0.5175723898416679,0.23249205489531374
2,whole_forward_vs_independent,extrapolated_outside_200,edge,before,0.8844698052751724,0.25738706017368596,0.7880914291214488,0.31013742731615707
2,whole_forward_vs_independent,full_K,edge,before,0.9563829300560339,0.08935332330009484,0.6999620229240091,0.18619475229029017
2,whole_reverse_vs_independent,input_128,edge,before,0.9999600840327549,7.983034120540146e-05,0.013050698285178642,0.006251281937308878
2,whole_reverse_vs_independent,embedded_200,edge,before,0.9948676018339871,0.010376175404845664,0.17975152990456747,0.06772289905364984
2,whole_reverse_vs_independent,heldout_72,edge,before,0.9787043226080697,0.044650572787616076,0.2990801046475905,0.14044020583043182
2,whole_reverse_vs_independent,extrapolated_outside_200,edge,before,0.9292722721995026,0.15657545105841772,0.7235459372638171,0.23909340571428964
2,whole_reverse_vs_independent,full_K,edge,before,0.9757372739162092,0.04985677509263378,0.6330218761022323,0.13705924493924213
2,author_L4_forward_vs_reverse,input_128,edge,before,0.9514700905052909,0.09470466687385387,0.33218594226184317,0.2110634411366261
2,author_L4_forward_vs_reverse,embedded_200,edge,before,0.9622576138465282,0.07428334761000183,0.3287843307791076,0.1868121767568837
2,author_L4_forward_vs_reverse,heldout_72,edge,before,0.985409017405028,0.030961978207502842,0.3226484843989446,0.12012337804281605
2,author_L4_forward_vs_reverse,extrapolated_outside_200,edge,before,0.9767490285148157,0.05194661834386669,0.7267731525159352,0.1439326011033822
2,author_L4_forward_vs_reverse,full_K,edge,before,0.9719508481953433,0.05879106562632761,0.650518405162321,0.15831083041672298
2,author_L4_forward_vs_independent,input_128,edge,before,0.02629495784573522,0.9993085751918911,1.8203290496898086,0.9770635424335684
2,author_L4_forward_vs_independent,embedded_200,edge,before,0.016213690710653168,0.9999673081476668,1.8359372918458177,0.9791028660246265
2,author_L4_forward_vs_independent,heldout_72,edge,before,0.040788318757693696,1.0013647307796747,1.8633624894391634,0.9834150441534034
2,author_L4_forward_vs_independent,extrapolated_outside_200,edge,before,0.020596525541337344,1.000461502973744,1.8086653287650523,0.991652376345348
2,author_L4_forward_vs_independent,full_K,edge,before,0.0016591830126044679,1.00031007120439,1.8155217262553305,0.9878238823019895
2,author_L4_reverse_vs_independent,input_128,edge,before,0.04814850230326563,0.9976817217259525,1.7926608133354656,0.959008867644177
2,author_L4_reverse_vs_independent,embedded_200,edge,before,0.01425568213712192,1.0008504294817486,1.817434720573987,0.9635488325605382
2,author_L4_reverse_vs_independent,heldout_72,edge,before,0.07719999944785139,1.0067514792262375,1.8606629470283784,0.9719470423327288
2,author_L4_reverse_vs_independent,extrapolated_outside_200,edge,before,0.014470472187823515,1.0006894834499112,1.8123198507726757,0.9859035898437316
2,author_L4_reverse_vs_independent,full_K,edge,before,0.0016949790741161487,1.0007343347385667,1.8135999206041782,0.9797251937351616
3,whole_forward_vs_reverse,input_128,edge,before,0.9999967960857701,6.4078181950374345e-06,0.003083141951051904,0.0018625918235525116
3,whole_forward_vs_reverse,embedded_200,edge,before,0.9969612169986419,0.0060952103089171,0.15968761202164225,0.05402333147752612
3,whole_forward_vs_reverse,heldout_72,edge,before,0.9874186578638768,0.02547871349726225,0.26611427027599294,0.11044677440046397
3,whole_forward_vs_reverse,extrapolated_outside_200,edge,before,0.9503121633785852,0.1696486664255357,0.40736889174936186,0.3404734211846914
3,whole_forward_vs_reverse,full_K,edge,before,0.9808900594345518,0.04310993639583036,0.36171410510529045,0.16879876698681176
3,whole_forward_vs_independent,input_128,edge,before,0.9999561145528635,8.776896834083021e-05,0.012870962306451229,0.007002973253668234
3,whole_forward_vs_independent,embedded_200,edge,before,0.993711355291106,0.013730028155931079,0.25475995777066807,0.08477814330808933
3,whole_forward_vs_independent,heldout_72,edge,before,0.9802433917707414,0.05715971319856869,0.42425297947643736,0.17295043239586988
3,whole_forward_vs_independent,extrapolated_outside_200,edge,before,0.940363565675874,0.35601922482776505,0.5575839356651965,0.5326313092091408
3,whole_forward_vs_independent,full_K,edge,before,0.9672460772823696,0.09119547069774815,0.49940018322458163,0.26413184231213
3,whole_reverse_vs_independent,input_128,edge,before,0.9999588764063448,8.224549616042746e-05,0.012980631346949755,0.006728170247434549
3,whole_reverse_vs_independent,embedded_200,edge,before,0.9949711027097538,0.011108467534905494,0.23025326020463033,0.07753775812550866
3,whole_reverse_vs_independent,heldout_72,edge,before,0.984793900021676,0.046593288944559975,0.38336494757010775,0.1587913753754097
3,whole_reverse_vs_independent,extrapolated_outside_200,edge,before,0.9630721578047886,0.11820824147623064,0.2985381144225168,0.26724672204457456
3,whole_reverse_vs_independent,full_K,edge,before,0.9823943026824004,0.0434343333422546,0.28301571560768335,0.16048170553457694
3,author_L4_forward_vs_reverse,input_128,edge,before,0.9690031258460731,0.06103294210053928,0.2525459795725,0.17907193945790406
3,author_L4_forward_vs_reverse,embedded_200,edge,before,0.9708247738671697,0.05791086860545669,0.25906084090503617,0.17918053798253405
3,author_L4_forward_vs_reverse,heldout_72,edge,before,0.9754483648861759,0.052052026517937125,0.27025531827203564,0.17938415509502684
3,author_L4_forward_vs_reverse,extrapolated_outside_200,edge,before,0.9826222255995917,0.04181048557707207,0.42547091362720635,0.17621301591028998
3,author_L4_forward_vs_reverse,full_K,edge,before,0.9795991661670206,0.0452876927067601,0.3905729811183608,0.17685812867039652
3,author_L4_forward_vs_independent,input_128,edge,before,0.07390647786016305,0.9945378325303054,1.8017926296824267,0.940652823720103
3,author_L4_forward_vs_independent,embedded_200,edge,before,0.030544037243267753,1.000665340682588,1.842748474698324,0.9475366722647663
3,author_L4_forward_vs_independent,heldout_72,edge,before,0.06679299142418955,1.0121641419474392,1.9133955169636216,0.9603216341333387
3,author_L4_forward_vs_independent,extrapolated_outside_200,edge,before,0.016651925650445057,1.0006945948383237,1.7997388364406999,0.9806235820679732
3,author_L4_forward_vs_independent,full_K,edge,before,0.01417241607859498,1.000688276804851,1.8105870304394216,0.9735729924092786
3,author_L4_reverse_vs_independent,input_128,edge,before,0.039850270708497115,0.9984119559244596,1.8230582554692114,0.9656378062974338
3,author_L4_reverse_vs_independent,embedded_200,edge,before,0.027259905267762743,0.9995460822288648,1.837921278906687,0.9684208341404076
3,author_L4_reverse_vs_independent,heldout_72,edge,before,0.036371542395707696,1.0018138003092947,1.8640518364602856,0.9739617308855493
3,author_L4_reverse_vs_independent,extrapolated_outside_200,edge,before,0.02214056096001591,1.0002464235758493,1.8050529290981676,0.9877937861894813
3,author_L4_reverse_vs_independent,full_K,edge,before,0.012446339957575726,1.0000796753586905,1.8133258710168185,0.9832157944919627
4,whole_forward_vs_reverse,input_128,edge,before,0.999993975541657,1.2048880391895642e-05,0.004876136296268874,0.0023571293153805814
4,whole_forward_vs_reverse,embedded_200,edge,before,0.9972847420718641,0.005435728330199941,0.11222122676783679,0.05431464504244051
4,whole_forward_vs_reverse,heldout_72,edge,before,0.9893307443001391,0.02142251200351931,0.18692234458580195,0.10783938126389225
4,whole_forward_vs_reverse,extrapolated_outside_200,edge,before,0.9881753647099492,0.023584208681052925,0.2673743666256676,0.10750542362974884
4,whole_forward_vs_reverse,full_K,edge,before,0.9952475343727222,0.009502010562506186,0.2382544645556033,0.06984703868532782
4,whole_forward_vs_independent,input_128,edge,before,0.9999620737705349,7.585102053172763e-05,0.01193705842354738,0.006166305765618475
4,whole_forward_vs_independent,embedded_200,edge,before,0.9952904262043569,0.00979948801226384,0.14138854483311267,0.07455759906335621
4,whole_forward_vs_independent,heldout_72,edge,before,0.9835200925264135,0.038460783825055446,0.23510945947927056,0.14775630928075106
4,whole_forward_vs_independent,extrapolated_outside_200,edge,before,0.9639798290371508,0.09272513233361543,0.8494025149027503,0.19993145794532846
4,whole_forward_vs_independent,full_K,edge,before,0.9869945103771833,0.028379505048820336,0.738993338532117,0.1151931215174451
4,whole_reverse_vs_independent,input_128,edge,before,0.9999552923526912,8.941329584331117e-05,0.013675920893067801,0.006490602134775754
4,whole_reverse_vs_independent,embedded_200,edge,before,0.9955251189877642,0.009368727920573578,0.15522149785381012,0.06814091803964192
4,whole_reverse_vs_independent,heldout_72,edge,before,0.984535469404255,0.03704050701527185,0.2580590677222592,0.13551370383479347
4,whole_reverse_vs_independent,extrapolated_outside_200,edge,before,0.9549047606852299,0.11396581442440083,0.8083417437511478,0.21809195097589337
4,whole_reverse_vs_independent,full_K,edge,before,0.98497169946699,0.032696983865923346,0.7043335213994715,0.11923012625294566
4,author_L4_forward_vs_reverse,input_128,edge,before,0.9820085783541297,0.03565915203890164,0.2002620028082118,0.13294222524856425
4,author_L4_forward_vs_reverse,embedded_200,edge,before,0.9882002996480819,0.023495764882529614,0.24418286285643626,0.10684566998762632
4,author_L4_forward_vs_reverse,heldout_72,edge,before,0.9970858310210345,0.006028497923853311,0.3071289715555682,0.049291968314600434
4,author_L4_forward_vs_reverse,extrapolated_outside_200,edge,before,0.9966880646807336,0.006807330131883864,0.17154424827822767,0.05973233603231608
4,author_L4_forward_vs_reverse,full_K,edge,before,0.9951431609813544,0.009844601247991597,0.19229375826115094,0.0706844035752366
4,author_L4_forward_vs_independent,input_128,edge,before,0.15445366807156233,0.9761440644192395,1.7594529244245185,0.877893558829549
4,author_L4_forward_vs_independent,embedded_200,edge,before,0.05360816197831256,1.0045380869675304,1.8579220814770905,0.9024548687626703
4,author_L4_forward_vs_independent,heldout_72,edge,before,0.14241077675956765,1.0453134043610786,2.0211676501124094,0.9366002690112575
4,author_L4_forward_vs_independent,extrapolated_outside_200,edge,before,0.03135108911140296,1.0037684964692746,1.8053787645107904,0.9800554609744393
4,author_L4_forward_vs_independent,full_K,edge,before,0.006304837388680753,1.0039085608328,1.8186569158914834,0.9663962147877387
4,author_L4_reverse_vs_independent,input_128,edge,before,0.14296273193695672,0.979561657277122,1.7714529537222956,0.8871370206471716
4,author_L4_reverse_vs_independent,embedded_200,edge,before,0.050318302380112305,1.0035773536598667,1.8512100358830696,0.9106081374312913
4,author_L4_reverse_vs_independent,heldout_72,edge,before,0.12671005129779084,1.0373469136560178,1.9851038553248925,0.9426237876577639
4,author_L4_reverse_vs_independent,extrapolated_outside_200,edge,before,0.03249305115486188,1.0034243600845714,1.8091170060758612,0.9818073088339336
4,author_L4_reverse_vs_independent,full_K,edge,before,0.004558429715257266,1.0034516913219123,1.819731547644656,0.9694717697019485
5,whole_forward_vs_reverse,input_128,edge,before,0.9999973637390505,5.272514949250944e-06,0.00257433823967987,0.0016891249305679475
5,whole_forward_vs_reverse,embedded_200,edge,before,0.9984124075933674,0.003176328626245673,0.14755430382493226,0.04245221877067857
5,whole_forward_vs_reverse,heldout_72,edge,before,0.9950051040881537,0.01000173059711453,0.24589988454056164,0.07533324114353068
5,whole_forward_vs_reverse,extrapolated_outside_200,edge,before,0.9899669633665745,0.020614403899367306,0.648928709591692,0.07164376107719789
5,whole_forward_vs_reverse,full_K,edge,before,0.995450652348269,0.009149664389907936,0.5668107450847849,0.054250217551962576
5,whole_forward_vs_independent,input_128,edge,before,0.9999711613213497,5.767652563119494e-05,0.008938976496833107,0.005675587944819622
5,whole_forward_vs_independent,embedded_200,edge,before,0.9972324458034086,0.006018017727164039,0.1375192143290513,0.058627447575653406
5,whole_forward_vs_independent,heldout_72,edge,before,0.9928075070240107,0.018847095219381996,0.22888858835905626,0.10375956473981868
5,whole_forward_vs_independent,extrapolated_outside_200,edge,before,0.9845628511273854,0.06286000176943068,0.6228490773949324,0.20511729555638444
5,whole_forward_vs_independent,full_K,edge,before,0.9904568620143029,0.025488988624998092,0.5437679776211622,0.12911910814472996
5,whole_reverse_vs_independent,input_128,edge,before,0.9999745501616377,5.08990290309606e-05,0.008506461549011258,0.005317797812121243
5,whole_reverse_vs_independent,embedded_200,edge,before,0.9973085412891983,0.006001092537907262,0.17384071702293327,0.05705912869602693
5,whole_reverse_vs_independent,heldout_72,edge,before,0.9933666058616836,0.019052252679617264,0.2895124472792975,0.10166055978314757
5,whole_reverse_vs_independent,extrapolated_outside_200,edge,before,0.9801715860529605,0.08696090357017096,0.45032809526675516,0.23796085655273547
5,whole_reverse_vs_independent,full_K,edge,before,0.9880272731328457,0.03295209832783486,0.3995643799986426,0.14499018126943936
5,author_L4_forward_vs_reverse,input_128,edge,before,0.9911188828610361,0.017683360036291857,0.2771965731206212,0.08479478228660872
5,author_L4_forward_vs_reverse,embedded_200,edge,before,0.992172383810097,0.015690989196820725,0.2972036199840557,0.07397909740548428
5,author_L4_forward_vs_reverse,heldout_72,edge,before,0.9945147036697152,0.011806564899801574,0.329788273980211,0.04609636757638973
5,author_L4_forward_vs_reverse,extrapolated_outside_200,edge,before,0.9955025710681986,0.014719007377744077,0.5351382951348855,0.06017686388811432
5,author_L4_forward_vs_reverse,full_K,edge,before,0.994521008917587,0.014901109812946223,0.48668495366387754,0.06299337313413497
5,author_L4_forward_vs_independent,input_128,edge,before,0.05072274722682913,0.9974272029137631,1.7697202875726707,0.9625264588455361
5,author_L4_forward_vs_independent,embedded_200,edge,before,0.055344901419810105,1.0059871198030372,1.8763899892915668,0.9648973560918053
5,author_L4_forward_vs_independent,heldout_72,edge,before,0.23503394385564633,1.022675955278057,2.052381447595273,0.9695031028138106
5,author_L4_forward_vs_independent,extrapolated_outside_200,edge,before,0.022816351410522906,0.9999542721900326,1.7884617044699318,0.9900788415839463
5,author_L4_forward_vs_independent,full_K,edge,before,0.005844434172277645,1.001084536378076,1.8108440847419809,0.9854100354200656
5,author_L4_reverse_vs_independent,input_128,edge,before,0.03509020104642897,0.9987686777905213,1.7969325891879198,0.9739081430486742
5,author_L4_reverse_vs_independent,embedded_200,edge,before,0.06619809133192132,1.004425509194077,1.8948609020729472,0.9754590525578456
5,author_L4_reverse_vs_independent,heldout_72,edge,before,0.24881172781425337,1.0158866518707659,2.0574789933786004,0.9785937706920624
5,author_L4_reverse_vs_independent,extrapolated_outside_200,edge,before,0.02724703834660376,0.9997764127860524,1.790553044406781,0.9930001483354494
5,author_L4_reverse_vs_independent,full_K,edge,before,0.007584964573119812,1.0006762744570887,1.8171914079636657,0.9896292255625805
6,whole_forward_vs_reverse,input_128,interior,before,0.9999972446181947,5.510756018146677e-06,0.00604011509528703,0.0016476849148715196
6,whole_forward_vs_reverse,embedded_200,interior,before,0.9982509537730329,0.0035155650349856737,0.07914953807346904,0.04135204013960289
6,whole_forward_vs_reverse,heldout_72,interior,before,0.9933425371355941,0.013575065020600498,0.13166983396412368,0.08125817971301742
6,whole_forward_vs_reverse,extrapolated_outside_200,interior,before,0.9913164395001774,0.019301307742966713,0.235412728148139,0.09174774713819638
6,whole_forward_vs_reverse,full_K,interior,before,0.9959732660479897,0.00830585900824879,0.20767890305691394,0.06120030144470117
6,whole_forward_vs_independent,input_128,interior,before,0.999977488340924,4.502281137721764e-05,0.008528632691269106,0.00510735192589862
6,whole_forward_vs_independent,embedded_200,interior,before,0.9961828013964673,0.007711219387039541,0.15014484548932566,0.06565123452871982
6,whole_forward_vs_independent,heldout_72,interior,before,0.985720625400522,0.02968184952934026,0.24998290263003,0.1287930205745516
6,whole_forward_vs_independent,extrapolated_outside_200,interior,before,0.9624826204406003,0.07568598533852225,0.6478163949460867,0.16680849177665275
6,whole_forward_vs_independent,full_K,interior,before,0.9859292535280383,0.028338637285263,0.5660259974837387,0.10698538303887378
6,whole_reverse_vs_independent,input_128,interior,before,0.9999705489812817,5.89011700741299e-05,0.012419908081788522,0.005927268413147192
6,whole_reverse_vs_independent,embedded_200,interior,before,0.9955275545314932,0.008992429789420029,0.1763241057581789,0.07440821373331226
6,whole_reverse_vs_independent,heldout_72,interior,before,0.9831821027482751,0.034325994317466114,0.29340656110920654,0.14538744716063187
6,whole_reverse_vs_independent,extrapolated_outside_200,interior,before,0.9653652368733857,0.06817813940202187,0.586676268827099,0.17475563156896545
6,whole_reverse_vs_independent,full_K,interior,before,0.9860290297502046,0.027814290472658078,0.5156688189831923,0.1161372462854852
6,author_L4_forward_vs_reverse,input_128,interior,before,0.9914265234075187,0.017073448684080846,0.3078489158292643,0.09485943332173331
6,author_L4_forward_vs_reverse,embedded_200,interior,before,0.9936616832645413,0.012720430883624446,0.25506117456256594,0.08066914527358734
6,author_L4_forward_vs_reverse,heldout_72,interior,before,0.9976146769903312,0.005373421597758652,0.11058922470859729,0.047995260379983876
6,author_L4_forward_vs_reverse,extrapolated_outside_200,interior,before,0.9964288242113666,0.010384925206194726,0.21650015273180112,0.05408711850870664
6,author_L4_forward_vs_reverse,full_K,interior,before,0.9956180927386186,0.010899950009548118,0.2267560093844898,0.06095357658482478
6,author_L4_forward_vs_independent,input_128,interior,before,0.1661666685409376,0.9723886382660063,1.6440941385202628,0.8877176160716787
6,author_L4_forward_vs_independent,embedded_200,interior,before,0.11483007627999002,0.9934425912515409,1.7325911514913794,0.9009372446693408
6,author_L4_forward_vs_independent,heldout_72,interior,before,0.1947743504455127,1.028977384624701,1.8796593625970472,0.9228198462509373
6,author_L4_forward_vs_independent,extrapolated_outside_200,interior,before,0.05724260532263342,1.0006489965974676,1.7821224574066346,0.9695405226064021
6,author_L4_forward_vs_independent,full_K,interior,before,0.0692662993089188,0.999059842894251,1.7698695896735872,0.9548358752563957
6,author_L4_reverse_vs_independent,input_128,interior,before,0.16088139821062294,0.974117175709795,1.6680322477029668,0.8910570394695678
6,author_L4_reverse_vs_independent,embedded_200,interior,before,0.10898075302193971,0.9953251753707061,1.7567322610015352,0.9036266149235564
6,author_L4_reverse_vs_independent,heldout_72,interior,before,0.20403613421858677,1.031292196594494,1.904246735035988,0.9245530097829937
6,author_L4_reverse_vs_independent,extrapolated_outside_200,interior,before,0.05640565309415766,1.0005761235165689,1.77875394438608,0.9701647926382679
6,author_L4_reverse_vs_independent,full_K,interior,before,0.06724214367748127,0.9994152828561818,1.773274162449978,0.9558539064273055
7,whole_forward_vs_reverse,input_128,interior,before,0.9999961210397772,7.757905399551634e-06,0.015037018956462495,0.0018935289679986218
7,whole_forward_vs_reverse,embedded_200,interior,before,0.9966640168644054,0.006707294291833466,0.15371220423570553,0.058580521653919866
7,whole_forward_vs_reverse,heldout_72,interior,before,0.9871421324938188,0.026259566883738733,0.25540126429893045,0.11591547887091176
7,whole_forward_vs_reverse,extrapolated_outside_200,interior,before,0.969855661080499,0.059910744825761766,0.7203842542962392,0.13805866753939747
7,whole_forward_vs_reverse,full_K,interior,before,0.9871887329988742,0.025603243867172932,0.6285872777993612,0.09477533607703673
7,whole_forward_vs_independent,input_128,interior,before,0.999976440353176,4.7118738591265796e-05,0.009631640917518274,0.005055513520294551
7,whole_forward_vs_independent,embedded_200,interior,before,0.9950576778264406,0.010206498489857309,0.17985491331748515,0.07999137720822617
7,whole_forward_vs_independent,heldout_72,interior,before,0.9823860544015012,0.039856156436885726,0.29948297113577044,0.15810785541422448
7,whole_forward_vs_independent,extrapolated_outside_200,interior,before,0.961722386771998,0.09842616979031724,0.6721451802172339,0.22499770853560802
7,whole_forward_vs_independent,full_K,interior,before,0.981420523989656,0.041538948617005654,0.5890002588522805,0.14868043404068054
7,whole_reverse_vs_independent,input_128,interior,before,0.9999835193976038,3.296093318249885e-05,0.021305616885961273,0.004317001253979125
7,whole_reverse_vs_independent,embedded_200,interior,before,0.9950517897359575,0.01017367714904002,0.2151843077552889,0.07713031891341343
7,whole_reverse_vs_independent,heldout_72,interior,before,0.9822121766264948,0.039537498296465655,0.3575136809548242,0.15205758249119014
7,whole_reverse_vs_independent,extrapolated_outside_200,interior,before,0.9720342030569772,0.08587834273177367,0.6619472735760101,0.23290432010132392
7,whole_reverse_vs_independent,full_K,interior,before,0.9847096835324065,0.03607729222474737,0.5832724203338141,0.14991378050399437
7,author_L4_forward_vs_reverse,input_128,interior,before,0.9847330031738044,0.03030091246030055,0.3854507482151353,0.10406482531803322
7,author_L4_forward_vs_reverse,embedded_200,interior,before,0.9858598550261765,0.0282318388925614,0.4056111772742011,0.10143574972974236
7,author_L4_forward_vs_reverse,heldout_72,interior,before,0.9884756744921434,0.024260565967263018,0.4391727336014033,0.09618852546419349
7,author_L4_forward_vs_reverse,extrapolated_outside_200,interior,before,0.9854732113601363,0.030159888878330085,0.6763868465922116,0.09802602477188632
7,author_L4_forward_vs_reverse,full_K,interior,before,0.9854441864801471,0.029684984268471458,0.6198826352340077,0.09887680066392109
7,author_L4_forward_vs_independent,input_128,interior,before,0.17895218253864542,0.9679761163646554,1.6461606042883832,0.8730615757891333
7,author_L4_forward_vs_independent,embedded_200,interior,before,0.028405638227678498,1.0201163804191145,1.8123892106644601,0.8787638072358539
7,author_L4_forward_vs_independent,heldout_72,interior,before,0.31956754972833135,1.1201917098737535,2.075287142422735,0.889605981197372
7,author_L4_forward_vs_independent,extrapolated_outside_200,interior,before,0.021520761537155517,1.0097280635779715,1.8297973715405096,0.9532941134429116
7,author_L4_forward_vs_independent,full_K,interior,before,0.004345672865073365,1.0122868455561076,1.8254608947894926,0.9354876190293956
7,author_L4_reverse_vs_independent,input_128,interior,before,0.20165266488189043,0.959336202746032,1.5566466807325472,0.8606885314781046
7,author_L4_reverse_vs_independent,embedded_200,interior,before,0.03570933337046748,1.0237798338660087,1.8073802239578431,0.866604841763098
7,author_L4_reverse_vs_independent,heldout_72,interior,before,0.3492687750411346,1.1552820324629447,2.18314756539668,0.8785539395051618
7,author_L4_reverse_vs_independent,extrapolated_outside_200,interior,before,0.021245863120735432,1.0120514184545817,1.818184479415518,0.94798300972995
7,author_L4_reverse_vs_independent,full_K,interior,before,0.00490740356978072,1.014988953124247,1.8154894434777318,0.928270677512768
8,whole_forward_vs_reverse,input_128,interior,before,0.9999978155330679,4.368929092443857e-06,0.003012362094186494,0.0015232956659958403
8,whole_forward_vs_reverse,embedded_200,interior,before,0.9974459346265736,0.005114890754670521,0.14508063259303167,0.047862558755406244
8,whole_forward_vs_reverse,heldout_72,interior,before,0.9892306803652028,0.021666359009414483,0.2417676937414813,0.0985018388857476
8,whole_forward_vs_reverse,extrapolated_outside_200,interior,before,0.9625319573250664,0.07377936725767632,0.36987100391970995,0.1709843089164138
8,whole_forward_vs_reverse,full_K,interior,before,0.986960222837198,0.025961476159279535,0.3284288616182036,0.10232931352850881
8,whole_forward_vs_independent,input_128,interior,before,0.9999733912099881,5.321687199597831e-05,0.011362194428627194,0.005281528472056544
8,whole_forward_vs_independent,embedded_200,interior,before,0.9933913005239472,0.013221512068423022,0.2624596567995422,0.07687808800193748
8,whole_forward_vs_independent,heldout_72,interior,before,0.9721398787914103,0.05586972439419773,0.43717034498231333,0.1579918302087112
8,whole_forward_vs_independent,extrapolated_outside_200,interior,before,0.9276666851995367,0.14221510997684222,0.8643932921544764,0.23990621373868498
8,whole_forward_vs_independent,full_K,interior,before,0.9736278551763387,0.052384062959318405,0.7600020332229868,0.14693408274484668
8,whole_reverse_vs_independent,input_128,interior,before,0.9999721936605708,5.56119056658425e-05,0.012177855117892414,0.005369205374829318
8,whole_reverse_vs_independent,embedded_200,interior,before,0.992539060252461,0.014872913904336368,0.3180633338243051,0.08073708239438405
8,whole_reverse_vs_independent,heldout_72,interior,before,0.9674418042800043,0.06418887925174194,0.5298568261124283,0.16768354244562508
8,whole_reverse_vs_independent,extrapolated_outside_200,interior,before,0.9274211279891194,0.14535568727650564,0.9346978620477729,0.2256572228452863
8,whole_reverse_vs_independent,full_K,interior,before,0.9737095350461731,0.05237508864906389,0.8249461443442027,0.13885351726710904
8,author_L4_forward_vs_reverse,input_128,interior,before,0.9807191936279203,0.038189863249801746,0.25088019488017255,0.14021102304858973
8,author_L4_forward_vs_reverse,embedded_200,interior,before,0.9835659987771405,0.0326782019610602,0.2577018188145771,0.1249644441070112
8,author_L4_forward_vs_reverse,heldout_72,interior,before,0.9886417105044955,0.02317908922967209,0.2694029882245213,0.09299538870953161
8,author_L4_forward_vs_reverse,extrapolated_outside_200,interior,before,0.9894135083846216,0.028119122316083153,0.2901455940004988,0.09089756235043389
8,author_L4_forward_vs_reverse,full_K,interior,before,0.9872189980848158,0.029388107851174686,0.28238432347336845,0.10153436160888574
8,author_L4_forward_vs_independent,input_128,interior,before,0.1345324659888618,0.9819010155949559,1.6498759736312731,0.9019416021667095
8,author_L4_forward_vs_independent,embedded_200,interior,before,0.08193213490816782,1.0092018711923008,1.8153319233751564,0.9140970954284876
8,author_L4_forward_vs_independent,heldout_72,interior,before,0.3765879127790008,1.0562537293157779,2.077185546378982,0.9346756410698536
8,author_L4_forward_vs_independent,extrapolated_outside_200,interior,before,0.08959857367705358,1.0030372697952277,1.828197802124916,0.9683840278293249
8,author_L4_forward_vs_independent,full_K,interior,before,0.008305846219079791,1.0047531402365588,1.824989835801015,0.9535841121904105
8,author_L4_reverse_vs_independent,input_128,interior,before,0.15338401448860872,0.9764733440993585,1.661023189771159,0.887884227799111
8,author_L4_reverse_vs_independent,embedded_200,interior,before,0.08531608818975787,1.0101780977217283,1.8289758129078413,0.9027125294012917
8,author_L4_reverse_vs_independent,heldout_72,interior,before,0.384937250606288,1.0676650829566559,2.0945655745212712,0.9274568928659519
8,author_L4_reverse_vs_independent,extrapolated_outside_200,interior,before,0.08280905106782908,1.0038951313798452,1.8229980788242752,0.9644447739587458
8,author_L4_reverse_vs_independent,full_K,interior,before,0.010281263937808875,1.0056350729851673,1.8244943484697955,0.9477519293556705
9,whole_forward_vs_reverse,input_128,interior,before,0.9999945857995466,1.0828371593498417e-05,0.005542624235496716,0.002390174397267534
9,whole_forward_vs_reverse,embedded_200,interior,before,0.996772441779565,0.006684594034488203,0.11670553714685591,0.059642324578510104
9,whole_forward_vs_reverse,heldout_72,interior,before,0.9866615207276273,0.031465238465321156,0.19436878724154746,0.12940019629469368
9,whole_forward_vs_reverse,extrapolated_outside_200,interior,before,0.93887527650184,0.1647675773717334,0.4041652552918948,0.31206485564541303
9,whole_forward_vs_reverse,full_K,interior,before,0.9769198246029356,0.05147297080055449,0.3548481517340282,0.17361028142120824
9,whole_forward_vs_independent,input_128,interior,before,0.9999664174275564,6.716401709801397e-05,0.010574987383984043,0.006321245481167793
9,whole_forward_vs_independent,embedded_200,interior,before,0.995776702127367,0.008935260973700704,0.1490618536607333,0.06498884834360724
9,whole_forward_vs_independent,heldout_72,interior,before,0.9840950515859184,0.04186377068772095,0.24803597850325484,0.14056253269545332
9,whole_forward_vs_independent,extrapolated_outside_200,interior,before,0.9120111471527552,0.4850900418064147,0.3656686967001177,0.6451316019927067
9,whole_forward_vs_independent,full_K,interior,before,0.9496142681320033,0.14384035494832045,0.3253306869386371,0.3477700929319883
9,whole_reverse_vs_independent,input_128,interior,before,0.9999721801007295,5.563902459434802e-05,0.008143874947789728,0.005767580258731936
9,whole_reverse_vs_independent,embedded_200,interior,before,0.9969337876581057,0.006200321132601874,0.12260410004701763,0.05683452344617765
9,whole_reverse_vs_independent,heldout_72,interior,before,0.98712760807039,0.027044955911633733,0.20405145607088476,0.1186381718621133
9,whole_reverse_vs_independent,extrapolated_outside_200,interior,before,0.926081981908941,0.2635410871681743,0.2899591915791177,0.4368103741143437
9,whole_reverse_vs_independent,full_K,interior,before,0.9623092321440958,0.09369309022885576,0.25848634571867896,0.2588489469852213
9,author_L4_forward_vs_reverse,input_128,interior,before,0.9722138886974633,0.054800154623756064,0.5334681885248664,0.1502964023820153
9,author_L4_forward_vs_reverse,embedded_200,interior,before,0.9728265830187398,0.05361294576941602,0.49166362360032284,0.1537899819909634
9,author_L4_forward_vs_reverse,heldout_72,interior,before,0.9740895590633205,0.051190773760771593,0.40687358651155187,0.16068226573056923
9,author_L4_forward_vs_reverse,extrapolated_outside_200,interior,before,0.97553344555708,0.05103533955645946,0.2772145461182033,0.1837062574304279
9,author_L4_forward_vs_reverse,full_K,interior,before,0.9744970797136944,0.05178276316000758,0.3436120023043303,0.17555707949625565
9,author_L4_forward_vs_independent,input_128,interior,before,0.08972738355854191,0.9919489966397382,1.7953618428125337,0.9356614980573283
9,author_L4_forward_vs_independent,embedded_200,interior,before,0.08394682950737245,1.0072778148555632,1.9561890414829681,0.9414959994969365
9,author_L4_forward_vs_independent,heldout_72,interior,before,0.38662596382529485,1.0385520378132496,2.21343631297622,0.9532889477221257
9,author_L4_forward_vs_independent,extrapolated_outside_200,interior,before,0.05720328656321751,1.002326245204645,1.780756785822998,0.9665390920025515
9,author_L4_forward_vs_independent,full_K,interior,before,0.0010734463126556792,1.0037620425010303,1.8261954821966635,0.9593446937073256
9,author_L4_reverse_vs_independent,input_128,interior,before,0.10123815976542028,0.989750835007311,1.7085506177482224,0.922494960361459
9,author_L4_reverse_vs_independent,embedded_200,interior,before,0.07688886972762479,1.0151308200473275,1.9475284180215553,0.9287836005164237
9,author_L4_reverse_vs_independent,heldout_72,interior,before,0.4553485176363397,1.0661528525924244,2.312174302842174,0.9412986966749258
9,author_L4_reverse_vs_independent,extrapolated_outside_200,interior,before,0.05688451302760996,1.0007239598270636,1.7704761047288757,0.9600899918475532
9,author_L4_reverse_vs_independent,full_K,interior,before,0.0037323630556360815,1.0047248278040337,1.816357884011941,0.9514993386963725
10,whole_forward_vs_reverse,input_128,interior,before,0.9999939710355399,1.2057892572176021e-05,0.0044579550386769605,0.0024033187526137137
10,whole_forward_vs_reverse,embedded_200,interior,before,0.9919997004339904,0.017511937829872162,0.21161041054878943,0.10459618491009498
10,whole_forward_vs_reverse,heldout_72,interior,before,0.9746844220009515,0.07342020340786731,0.3526339260961162,0.2141820671546456
10,whole_forward_vs_reverse,extrapolated_outside_200,interior,before,0.8837518974523355,0.34917663509595404,1.0700380784060683,0.36147202569701287
10,whole_forward_vs_reverse,full_K,interior,before,0.9523436313873106,0.1133998260698186,0.9327008407803491,0.21343196354237526
10,whole_forward_vs_independent,input_128,interior,before,0.9999686754731971,6.264807237977271e-05,0.011229084982665996,0.00549056680928436
10,whole_forward_vs_independent,embedded_200,interior,before,0.9921496662007335,0.0167177859437121,0.17634959665128724,0.09838977067135252
10,whole_forward_vs_independent,heldout_72,interior,before,0.9729026588787053,0.06992728650513362,0.29353440615748105,0.20127457238828403
10,whole_forward_vs_independent,extrapolated_outside_200,interior,before,0.9595941889476604,0.16934509541875975,0.5080301510458548,0.3521663411120677
10,whole_forward_vs_independent,full_K,interior,before,0.9766275477504617,0.06084400894526931,0.4487156904305035,0.20673088667311246
10,whole_reverse_vs_independent,input_128,interior,before,0.9999622862859648,7.54260057459641e-05,0.012398556058278902,0.005926329581233478
10,whole_reverse_vs_independent,embedded_200,interior,before,0.9891341194788319,0.021744654684917025,0.24208456404471834,0.09987783847947117
10,whole_reverse_vs_independent,heldout_72,interior,before,0.9616571328398692,0.07690526468814238,0.40313546339781625,0.18782905886752652
10,whole_reverse_vs_independent,extrapolated_outside_200,interior,before,0.899265889744252,0.20736041972472205,0.9453707943867367,0.24280719044469695
10,whole_reverse_vs_independent,full_K,interior,before,0.9549102250685573,0.09056152441736792,0.827614456251664,0.16773424928454778
10,author_L4_forward_vs_reverse,input_128,interior,before,0.964117581398016,0.07047728923923993,0.500542108068965,0.18915648494486403
10,author_L4_forward_vs_reverse,embedded_200,interior,before,0.9530963607981511,0.09252071220345183,0.5491970626596208,0.19834885925414328
10,author_L4_forward_vs_reverse,heldout_72,interior,before,0.9359482726044074,0.13166135724334943,0.6264323063230476,0.21369880636106464
10,author_L4_forward_vs_reverse,extrapolated_outside_200,interior,before,0.9021009614017815,0.2874553481379989,1.1908675963815494,0.26055836583833275
10,author_L4_forward_vs_reverse,full_K,interior,before,0.9074358264495405,0.2310818473618709,1.067252817982771,0.2442021718918831
10,author_L4_forward_vs_independent,input_128,interior,before,0.06069751986741192,0.9963158110819452,1.7490189723943834,0.9509928341206696
10,author_L4_forward_vs_independent,embedded_200,interior,before,0.0592198353497193,1.0077283959817562,1.8011062988942081,0.9555861164356364
10,author_L4_forward_vs_independent,heldout_72,interior,before,0.29238674196324277,1.0279927594282328,1.8901651792952368,0.9636880719644569
10,author_L4_forward_vs_independent,extrapolated_outside_200,interior,before,0.05638228408151203,0.9989336307966112,1.8057088229499452,0.979138120440423
10,author_L4_forward_vs_independent,full_K,interior,before,0.005044291422466408,1.0014770048851294,1.80455929244194,0.9723857062394058
10,author_L4_reverse_vs_independent,input_128,interior,before,0.0637137171876302,0.9959405622421347,1.7843823983655904,0.9499336723865334
10,author_L4_reverse_vs_independent,embedded_200,interior,before,0.045188327680861305,1.0082314560857093,1.8323698874197214,0.9524130937927491
10,author_L4_reverse_vs_independent,heldout_72,interior,before,0.28264033491494345,1.0330794420891167,1.914713683571779,0.957406024287924
10,author_L4_reverse_vs_independent,extrapolated_outside_200,interior,before,0.04613287739296637,0.9987968118285272,1.801882765522046,0.9766573028463914
10,author_L4_reverse_vs_independent,full_K,interior,before,0.005278440839744123,1.0015062963194412,1.8095527006955814,0.9697567799915281
11,whole_forward_vs_reverse,input_128,interior,before,0.9999959821295966,8.035724663080306e-06,0.002711026969866871,0.002099423146800756
11,whole_forward_vs_reverse,embedded_200,interior,before,0.9986574966942983,0.00269951103430118,0.08337164174455283,0.0338437408752298
11,whole_forward_vs_reverse,heldout_72,interior,before,0.9953380304374463,0.009502441226422754,0.13890571202711974,0.06347716169569494
11,whole_forward_vs_reverse,extrapolated_outside_200,interior,before,0.9918589106118898,0.017819550182121738,0.47089440105293906,0.08632319431326765
11,whole_forward_vs_reverse,full_K,interior,before,0.995572204982748,0.009229366043190548,0.40993153131840226,0.062200348177857336
11,whole_forward_vs_independent,input_128,interior,before,0.9999782739270795,4.3451673819126046e-05,0.0060738138481334705,0.005048232107888803
11,whole_forward_vs_independent,embedded_200,interior,before,0.9967430775221574,0.006980397550379218,0.09732580654747923,0.05816930996739066
11,whole_forward_vs_independent,heldout_72,interior,before,0.9904237120017187,0.02451411163490833,0.1620073921730272,0.10895761117866973
11,whole_forward_vs_independent,extrapolated_outside_200,interior,before,0.9679424810158216,0.17259766169018875,0.2919391267304147,0.3975043077369683
11,whole_forward_vs_independent,full_K,interior,before,0.9753313010910905,0.07850512782581459,0.25746731528898426,0.26488040820579095
11,whole_reverse_vs_independent,input_128,interior,before,0.9999776915160657,4.461647020005613e-05,0.006614400447678751,0.004872079999226119
11,whole_reverse_vs_independent,embedded_200,interior,before,0.9966824773338226,0.006990152502115669,0.12353223785009299,0.06225352961175783
11,whole_reverse_vs_independent,heldout_72,interior,before,0.9899025915828079,0.02422168229538356,0.205698090525838,0.11589451669550432
11,whole_reverse_vs_independent,extrapolated_outside_200,interior,before,0.97190972454908,0.1380020836387672,0.3555798739779227,0.3510137627436521
11,whole_reverse_vs_independent,full_K,interior,before,0.9786424189143972,0.06538351807451101,0.314074574791847,0.2388815822834297
11,author_L4_forward_vs_reverse,input_128,interior,before,0.9903123628549924,0.01928142397656204,0.1547132825266819,0.10610163887658919
11,author_L4_forward_vs_reverse,embedded_200,interior,before,0.9880695884913188,0.02379939900956882,0.1496161569014152,0.12959607588235114
11,author_L4_forward_vs_reverse,heldout_72,interior,before,0.9837785709419571,0.032895091383138224,0.1400974516009909,0.16716320759347011
11,author_L4_forward_vs_reverse,extrapolated_outside_200,interior,before,0.9733542663319504,0.05657418830782819,0.2561425957454728,0.2213431772189896
11,author_L4_forward_vs_reverse,full_K,interior,before,0.9781060585381566,0.045339609116608295,0.2341004498455925,0.19482313058098524
11,author_L4_forward_vs_independent,input_128,interior,before,0.08630560527656607,0.9925513424978456,1.7268741009424202,0.9287542832014174
11,author_L4_forward_vs_independent,embedded_200,interior,before,0.03845133406803046,1.012218845925621,1.8399204709486712,0.9302719811234667
11,author_L4_forward_vs_independent,heldout_72,interior,before,0.28618414021680616,1.0518139210706279,2.025371760588615,0.9333199601781728
11,author_L4_forward_vs_independent,extrapolated_outside_200,interior,before,0.028978857821042665,1.002044522720091,1.8014731242430486,0.9462336159620719
11,author_L4_forward_vs_independent,full_K,interior,before,0.0035493766460404823,1.0055320886882317,1.8111614775832394,0.9407927733523027
11,author_L4_reverse_vs_independent,input_128,interior,before,0.08006921201546853,0.9935889212872219,1.7294832419195991,0.9338015217998339
11,author_L4_reverse_vs_independent,embedded_200,interior,before,0.04097295454588208,1.012109037542988,1.8464860047353473,0.9349398260060663
11,author_L4_reverse_vs_independent,heldout_72,interior,before,0.2883372000303335,1.04793095751788,2.0379719656995614,0.9371376295686936
11,author_L4_reverse_vs_independent,extrapolated_outside_200,interior,before,0.02998364944523074,1.0007878170644742,1.7981909588021157,0.9502345512099636
11,author_L4_reverse_vs_independent,full_K,interior,before,0.0057181273470344705,1.0044758888042298,1.8103855071942911,0.9452792235781541
12,whole_forward_vs_reverse,input_128,interior,before,0.9999966360410126,6.727906658172386e-06,0.0057977416446163286,0.0017117479826013562
12,whole_forward_vs_reverse,embedded_200,interior,before,0.9970109603940257,0.005998933011579474,0.12442228162294186,0.054519006140827844
12,whole_forward_vs_reverse,heldout_72,interior,before,0.9880164508342533,0.024331576123737594,0.20722633444178934,0.10980402890119385
12,whole_forward_vs_reverse,extrapolated_outside_200,interior,before,0.943666346531995,0.11281575863263388,0.8956050442654874,0.2209391256204745
12,whole_forward_vs_reverse,full_K,interior,before,0.9810751338509095,0.037868432724458265,0.7781076548437265,0.12903300346978533
12,whole_forward_vs_independent,input_128,interior,before,0.9999769434037263,4.61126609407883e-05,0.010306012955880269,0.00502893006413557
12,whole_forward_vs_independent,embedded_200,interior,before,0.9952083524271413,0.009943796480618213,0.12491251790061188,0.0724188944363879
12,whole_forward_vs_independent,heldout_72,interior,before,0.9827020279998004,0.04022492036172597,0.20773353812517148,0.1456441369097951
12,whole_forward_vs_independent,extrapolated_outside_200,interior,before,0.9403114526141277,0.152829982396285,0.7050523459167731,0.2720246904821616
12,whole_forward_vs_independent,full_K,interior,before,0.9761719482666986,0.052574826138516204,0.6137791884253867,0.16049107494241438
12,whole_reverse_vs_independent,input_128,interior,before,0.9999795075104689,4.098455911975345e-05,0.011360767377861897,0.004774687933034018
12,whole_reverse_vs_independent,embedded_200,interior,before,0.9940940794931349,0.012304215373409018,0.1578582145784643,0.08543625387778826
12,whole_reverse_vs_independent,heldout_72,interior,before,0.9781969260568599,0.05156772444789526,0.2626606017025879,0.1749196784979764
12,whole_reverse_vs_independent,extrapolated_outside_200,interior,before,0.93930623291323,0.15916955291526808,1.0196804085995048,0.29443939639785244
12,whole_reverse_vs_independent,full_K,interior,before,0.9755737661455127,0.0544703270034966,0.8865894798263257,0.17347707894988765
12,author_L4_forward_vs_reverse,input_128,interior,before,0.9688185856270032,0.06139054814369291,0.3555360336460004,0.18467483885780683
12,author_L4_forward_vs_reverse,embedded_200,interior,before,0.972479230191784,0.05433932487018583,0.464770929748349,0.1735237759138349
12,author_L4_forward_vs_reverse,heldout_72,interior,before,0.9787015405592503,0.04253813875850455,0.6126269926351725,0.1530539171938491
12,author_L4_forward_vs_reverse,extrapolated_outside_200,interior,before,0.9761476063398649,0.049040919971316446,0.7777047848013775,0.16293352229655453
12,author_L4_forward_vs_reverse,full_K,interior,before,0.975014249426123,0.05048048936765734,0.7124756511713252,0.16587778818802315
12,author_L4_forward_vs_independent,input_128,interior,before,0.0692363567392335,0.9952063269054776,1.7104243140808741,0.9429079048018422
12,author_L4_forward_vs_independent,embedded_200,interior,before,0.07523220540101125,0.9986077637410481,1.7318427764780193,0.9488145641393154
12,author_L4_forward_vs_independent,heldout_72,interior,before,0.19787207719385141,1.0043005332913344,1.7692799449930943,0.9586187419108176
12,author_L4_forward_vs_independent,extrapolated_outside_200,interior,before,0.006577420774864146,1.00111866321669,1.8211769977815944,0.978852306582344
12,author_L4_forward_vs_independent,full_K,interior,before,0.029867855536338504,1.0004364552481757,1.7992593180379417,0.9707830534100539
12,author_L4_reverse_vs_independent,input_128,interior,before,0.08167418202698488,0.9933293279902228,1.6879095291420307,0.9330314286139006
12,author_L4_reverse_vs_independent,embedded_200,interior,before,0.06445942459956282,1.0025218800689206,1.7585650109925142,0.9406551938852232
12,author_L4_reverse_vs_independent,heldout_72,interior,before,0.22388361883330724,1.0179326287019586,1.8776212844412707,0.9532991969876717
12,author_L4_reverse_vs_independent,extrapolated_outside_200,interior,before,0.008713397729004698,1.0011094624930192,1.8454315612363474,0.9757014287936908
12,author_L4_reverse_vs_independent,full_K,interior,before,0.023780535006270167,1.0015039977230094,1.8241027821581743,0.9660398295960585
13,whole_forward_vs_reverse,input_128,interior,before,0.9999946385580785,1.0722855098094747e-05,0.00789666591387754,0.0023484860952913546
13,whole_forward_vs_reverse,embedded_200,interior,before,0.9970742304618307,0.00602190490257448,0.11798240745082512,0.0526183684019187
13,whole_forward_vs_reverse,heldout_72,interior,before,0.9892156527822531,0.024268949756297384,0.19635526034218537,0.1056236913658614
13,whole_forward_vs_reverse,extrapolated_outside_200,interior,before,0.9731430399603704,0.06837090073173022,0.6747370973018072,0.16246016571476699
13,whole_forward_vs_reverse,full_K,interior,before,0.9888742220036236,0.024126708018993567,0.587309607424759,0.09812629871717866
13,whole_forward_vs_independent,input_128,interior,before,0.9999752571883627,4.9485011067932024e-05,0.01492677539806382,0.005010846116718406
13,whole_forward_vs_independent,embedded_200,interior,before,0.9972541110502452,0.0058774968801737675,0.13551725361233388,0.05871313232196093
13,whole_forward_vs_independent,heldout_72,interior,before,0.9910910627346166,0.023568525557012616,0.22498350870062372,0.11762289400759716
13,whole_forward_vs_independent,extrapolated_outside_200,interior,before,0.9770351373925753,0.1117989429163448,0.29477367767289553,0.3016901077988222
13,whole_forward_vs_independent,full_K,interior,before,0.9864131379241604,0.0366347993962559,0.2641209425495458,0.16992816192440827
13,whole_reverse_vs_independent,input_128,interior,before,0.9999779392887825,4.4120935760077116e-05,0.009929681496213386,0.004871456846938732
13,whole_reverse_vs_independent,embedded_200,interior,before,0.9953052614444232,0.009815265206368197,0.18183406365564259,0.06554638311801303
13,whole_reverse_vs_independent,heldout_72,interior,before,0.9840012881783219,0.038158735153282386,0.3027674374176852,0.1291897344995403
13,whole_reverse_vs_independent,extrapolated_outside_200,interior,before,0.9568874921956663,0.1120498668986791,0.6281726270148847,0.23368396697950014
13,whole_reverse_vs_independent,full_K,interior,before,0.9806043564045078,0.04329548815319225,0.5515582867426317,0.14412728145798165
13,author_L4_forward_vs_reverse,input_128,interior,before,0.970320430612908,0.05847826193518066,0.4859394017801799,0.16573159055977274
13,author_L4_forward_vs_reverse,embedded_200,interior,before,0.9702308264972456,0.06077576810254574,0.559771750439552,0.18157890778850289
13,author_L4_forward_vs_reverse,heldout_72,interior,before,0.9756632947707092,0.06433337768577867,0.6712688383050197,0.2036996851182074
13,author_L4_forward_vs_reverse,extrapolated_outside_200,interior,before,0.9839656647503606,0.048520911950738974,0.6190315148543007,0.1837879240304017
13,author_L4_forward_vs_reverse,full_K,interior,before,0.9800051634080597,0.05126023282159107,0.6047612052989575,0.18329645425569138
13,author_L4_forward_vs_independent,input_128,interior,before,0.08997943349112453,0.9919037015486164,1.69987803704863,0.9270624161448017
13,author_L4_forward_vs_independent,embedded_200,interior,before,0.04159474085125261,1.0002131635468734,1.744488277292507,0.9366025124858508
13,author_L4_forward_vs_independent,heldout_72,interior,before,0.07150571818770515,1.0130800807531992,1.8210991274145287,0.9511862485957095
13,author_L4_forward_vs_independent,extrapolated_outside_200,interior,before,0.027949951962329234,1.0019899495371174,1.8203287866631646,0.9769587306093245
13,author_L4_forward_vs_independent,full_K,interior,before,0.019964074545139796,1.001592785597711,1.8016679788653311,0.9680839345187464
13,author_L4_reverse_vs_independent,input_128,interior,before,0.07582070234225723,0.9942512210963269,1.7340263881877305,0.9384225020173499
13,author_L4_reverse_vs_independent,embedded_200,interior,before,0.02798001026242516,1.0012078987982649,1.7694280521723205,0.9426349838707269
13,author_L4_reverse_vs_independent,heldout_72,interior,before,0.08258225479895775,1.0151421903760927,1.8306747558833218,0.9510165093017061
13,author_L4_reverse_vs_independent,extrapolated_outside_200,interior,before,0.026399933481962234,1.0017116377587445,1.8123863887117204,0.9772334691943504
13,author_L4_reverse_vs_independent,full_K,interior,before,0.013935434417822457,1.00158516521472,1.8017428297191076,0.9686631002276088
14,whole_forward_vs_reverse,input_128,interior,before,0.9999979518691191,4.096257567170782e-06,0.002228211876704843,0.0015399316378429165
14,whole_forward_vs_reverse,embedded_200,interior,before,0.998746453137837,0.0025175652372332836,0.10893210862858187,0.03471910188317236
14,whole_forward_vs_reverse,heldout_72,interior,before,0.9946924768039684,0.01080983339718858,0.18152920438628212,0.07193344275591083
14,whole_forward_vs_reverse,extrapolated_outside_200,interior,before,0.9883113995198404,0.03076913776690374,0.5388334654679771,0.12806935528940008
14,whole_forward_vs_reverse,full_K,interior,before,0.995510591025146,0.009552940225508205,0.4698113224516194,0.07063780949706308
14,whole_forward_vs_independent,input_128,interior,before,0.999981899695988,3.6200280403186014e-05,0.00649356816065165,0.004411713449947568
14,whole_forward_vs_independent,embedded_200,interior,before,0.9961102196501155,0.008142631172025456,0.147932170896846,0.06966888812005194
14,whole_forward_vs_independent,heldout_72,interior,before,0.9856477909429231,0.03488682388627446,0.24640155050401155,0.1442314860549372
14,whole_forward_vs_independent,extrapolated_outside_200,interior,before,0.9257463825804867,0.2909526793341862,0.8877462153759673,0.456934406436674
14,whole_forward_vs_independent,full_K,interior,before,0.9683614378629495,0.07856967508907782,0.7723606599137015,0.2358790737107193
14,whole_reverse_vs_independent,input_128,interior,before,0.9999813449816457,3.730968869853495e-05,0.0066431402897989145,0.00449191150254624
14,whole_reverse_vs_independent,embedded_200,interior,before,0.9964213945087023,0.0075594970339006255,0.17793100230748243,0.06385091777137532
14,whole_reverse_vs_independent,heldout_72,interior,before,0.9872146942716155,0.03243046096005214,0.29641936106864125,0.13224978362764
14,whole_reverse_vs_independent,extrapolated_outside_200,interior,before,0.933252565596033,0.21638284536892768,0.84283276722912,0.3711489175680288
14,whole_reverse_vs_independent,full_K,interior,before,0.9727657668254754,0.06490598583309688,0.7353163710484476,0.2019561386960337
14,author_L4_forward_vs_reverse,input_128,interior,before,0.9918051774813771,0.016322489921134324,0.30386728775413985,0.09254500830550422
14,author_L4_forward_vs_reverse,embedded_200,interior,before,0.9923998336732434,0.015374574466542255,0.38149695438606473,0.08996252965379556
14,author_L4_forward_vs_reverse,heldout_72,interior,before,0.9942410051626486,0.013563222934551075,0.4900264049657782,0.08480930299196636
14,author_L4_forward_vs_reverse,extrapolated_outside_200,interior,before,0.9959273699382636,0.010672170124761104,0.38072543385015234,0.0795373792454254
14,author_L4_forward_vs_reverse,full_K,interior,before,0.9949295494816188,0.011816047484207238,0.38091846048301575,0.08219512830402731
14,author_L4_forward_vs_independent,input_128,interior,before,0.02674552696971872,0.9992846767871119,1.763338009450352,0.978812357270011
14,author_L4_forward_vs_independent,embedded_200,interior,before,0.029696305324229597,0.9991626061048315,1.7613346573502935,0.9811804221255377
14,author_L4_forward_vs_independent,heldout_72,interior,before,0.039740858673606425,0.9989293438278121,1.7577675048647052,0.9856896846776413
14,author_L4_forward_vs_independent,extrapolated_outside_200,interior,before,0.0197422175408756,1.0005248035373202,1.827537483440708,0.992781532635866
14,author_L4_forward_vs_independent,full_K,interior,before,0.0015618817416532841,1.0001934439414906,1.8112136494161635,0.9899720322445795
14,author_L4_reverse_vs_independent,input_128,interior,before,0.02806304431519163,0.9992124655437636,1.7860878664150772,0.9772745676135852
14,author_L4_reverse_vs_independent,embedded_200,interior,before,0.034036713418550295,0.9988965309923399,1.7472426336160813,0.9794013162642823
14,author_L4_reverse_vs_independent,heldout_72,interior,before,0.049246867531172675,0.998240153029632,1.6759628295155162,0.9838050997759213
14,author_L4_reverse_vs_independent,extrapolated_outside_200,interior,before,0.02073726150684782,1.0006160708584875,1.833019567698829,0.9919892044556126
14,author_L4_reverse_vs_independent,full_K,interior,before,0.003434540822769698,1.0001763458741815,1.8119560582024379,0.9887854489632913
15,whole_forward_vs_reverse,input_128,interior,before,0.9999965931186839,6.813751025084767e-06,0.0057147532172488885,0.0019184919591930753
15,whole_forward_vs_reverse,embedded_200,interior,before,0.9977552026364749,0.004588373889438576,0.1304767682849876,0.045321224358129956
15,whole_forward_vs_reverse,heldout_72,interior,before,0.9924069643815437,0.016545336262635418,0.21732774585941592,0.08605216347613255
15,whole_forward_vs_reverse,extrapolated_outside_200,interior,before,0.9697056729447183,0.06420376188349723,0.5831737723304561,0.14989540619151573
15,whole_forward_vs_reverse,full_K,interior,before,0.9864392769957114,0.027646891043571528,0.5092394164988847,0.09975040527228295
15,whole_forward_vs_independent,input_128,interior,before,0.9999750383859753,4.9922604966786045e-05,0.01386438889993855,0.004846895090350231
15,whole_forward_vs_independent,embedded_200,interior,before,0.997125737369523,0.005906642415243998,0.2311969873689913,0.05406339020291335
15,whole_forward_vs_independent,heldout_72,interior,before,0.990409618063461,0.02119151837151394,0.38488463404842904,0.10241874007652031
15,whole_forward_vs_independent,extrapolated_outside_200,interior,before,0.970543164488441,0.0737192256441107,0.6821412727672754,0.18301642897595646
15,whole_forward_vs_independent,full_K,interior,before,0.9854524424220847,0.032135736383477956,0.6019556036382943,0.12144050487537887
15,whole_reverse_vs_independent,input_128,interior,before,0.9999758070129721,4.838538875506697e-05,0.012099681156987419,0.00495640111170726
15,whole_reverse_vs_independent,embedded_200,interior,before,0.9964249901022748,0.007471307784979433,0.271088542033555,0.062057034042551015
15,whole_reverse_vs_independent,heldout_72,interior,before,0.9880834149912477,0.028113244973109512,0.45152611638522944,0.1203826184085007
15,whole_reverse_vs_independent,extrapolated_outside_200,interior,before,0.9648125412773538,0.12931984801122204,0.6694971480207931,0.27695148331430613
15,whole_reverse_vs_independent,full_K,interior,before,0.9805228363415543,0.049712072601738884,0.5954343564251658,0.17060500673545897
15,author_L4_forward_vs_reverse,input_128,interior,before,0.9929301034473919,0.014089809667951718,0.18967013626893806,0.07864618432197179
15,author_L4_forward_vs_reverse,embedded_200,interior,before,0.9916731999627846,0.016686766165811676,0.18630672432861523,0.08195398115993363
15,author_L4_forward_vs_reverse,heldout_72,interior,before,0.9893545220226648,0.022126506717477915,0.18017236154275074,0.08848280559240816
15,author_L4_forward_vs_reverse,extrapolated_outside_200,interior,before,0.9839652342775578,0.04917422210794421,0.5353162904202724,0.10953596761477702
15,author_L4_forward_vs_reverse,full_K,interior,before,0.9847154298714293,0.03931880608713238,0.4728638249797775,0.10196017041257452
15,author_L4_forward_vs_independent,input_128,interior,before,0.04981820742577777,0.9975181462088822,1.7963595881622487,0.9553707173692829
15,author_L4_forward_vs_independent,embedded_200,interior,before,0.03353830209276489,1.0007190167445361,1.7860693291743155,0.957517233414342
15,author_L4_forward_vs_independent,heldout_72,interior,before,0.11204280788560936,1.0074237517941136,1.767627628449142,0.9619979310190733
15,author_L4_forward_vs_independent,extrapolated_outside_200,interior,before,0.013826997599657671,1.0012435390307528,1.812009199560157,0.9776997762368194
15,author_L4_forward_vs_independent,full_K,interior,before,0.006613207054146595,1.0010844196047175,1.80555917006956,0.9716214865652498
15,author_L4_reverse_vs_independent,input_128,interior,before,0.05312901396760719,0.9971773078748298,1.794140451374601,0.9523158995030164
15,author_L4_reverse_vs_independent,embedded_200,interior,before,0.03620219601251144,1.0003793580631195,1.7821636700588939,0.9555152048584734
15,author_L4_reverse_vs_independent,heldout_72,interior,before,0.10460924809367636,1.0067557325525454,1.7606704633243841,0.9618544194877449
15,author_L4_reverse_vs_independent,extrapolated_outside_200,interior,before,0.013159265949852166,1.001395454257651,1.813452573139665,0.9777800890872523
15,author_L4_reverse_vs_independent,full_K,interior,before,0.007990511901225439,1.0011004361066955,1.8056811770048444,0.9713681753436215
16,whole_forward_vs_reverse,input_128,interior,before,0.9999965227479586,6.9544919914903435e-06,0.00282471302672515,0.0019052806000250564
16,whole_forward_vs_reverse,embedded_200,interior,before,0.9977036843177307,0.004597033224931669,0.1062637852067834,0.05007384592725776
16,whole_forward_vs_reverse,heldout_72,interior,before,0.9893876748920466,0.02132003684485943,0.17706625787568947,0.10783933507702809
16,whole_forward_vs_reverse,extrapolated_outside_200,interior,before,0.9762042136482816,0.04918253804051472,0.6642154431943029,0.15547424887430428
16,whole_forward_vs_reverse,full_K,interior,before,0.9917991458078992,0.016540051187328375,0.5776760461062683,0.09116306694527347
16,whole_forward_vs_independent,input_128,interior,before,0.9999745528522729,5.089364789725185e-05,0.008993818102217482,0.0050160620400382895
16,whole_forward_vs_independent,embedded_200,interior,before,0.993812575556079,0.01253785685592941,0.183239530867008,0.07784842598624092
16,whole_forward_vs_independent,heldout_72,interior,before,0.9726721100478322,0.05803152767932006,0.3051636940660131,0.167476691336396
16,whole_forward_vs_independent,extrapolated_outside_200,interior,before,0.934073066986789,0.21978370403801487,0.8926758514906539,0.39294261450460755
16,whole_forward_vs_independent,full_K,interior,before,0.970863473618637,0.06805233147644965,0.778490085546382,0.2140019149713268
16,whole_reverse_vs_independent,input_128,interior,before,0.9999716908206485,5.661755729330731e-05,0.00978964571227785,0.005228955768934237
16,whole_reverse_vs_independent,embedded_200,interior,before,0.994549248763192,0.011030370598432603,0.20113304317851166,0.07339277161138207
16,whole_reverse_vs_independent,heldout_72,interior,before,0.975894766140816,0.05086806757506592,0.3349675161440575,0.1576124701665188
16,whole_reverse_vs_independent,extrapolated_outside_200,interior,before,0.9667406704368801,0.12562707426862063,0.49636388714818713,0.3049656116159953
16,whole_reverse_vs_independent,full_K,interior,before,0.9821544204675267,0.0426639507880885,0.4414707879500137,0.17196707435696465
16,author_L4_forward_vs_reverse,input_128,interior,before,0.9878627798669891,0.02412712815346435,0.30249948563322987,0.11295990087693121
16,author_L4_forward_vs_reverse,embedded_200,interior,before,0.9897921400780133,0.02041726967563645,0.31268782883963586,0.10106335494217972
16,author_L4_forward_vs_reverse,heldout_72,interior,before,0.993111789923098,0.014466178619020137,0.3300247358872828,0.0782909258636789
16,author_L4_forward_vs_reverse,extrapolated_outside_200,interior,before,0.9919003493874103,0.018584569815829805,0.553131148188509,0.1015962438228495
16,author_L4_forward_vs_reverse,full_K,interior,before,0.9911012681960024,0.01911460143100506,0.503893808156406,0.10144241577541252
16,author_L4_forward_vs_independent,input_128,interior,before,0.04855149731096677,0.9976427521088629,1.823104870212922,0.9656954485122273
16,author_L4_forward_vs_independent,embedded_200,interior,before,0.03346328915452962,0.9991830221152519,1.8212948596641372,0.971289638732737
16,author_L4_forward_vs_independent,heldout_72,interior,before,0.04271262081847801,1.0016538136871078,1.8180726137946206,0.9801967572583288
16,author_L4_forward_vs_independent,extrapolated_outside_200,interior,before,0.030623882407274337,1.0016788560817276,1.8076523351683134,0.9868432676062661
16,author_L4_forward_vs_independent,full_K,interior,before,0.004942734582585151,1.0009570407220647,1.8110726007229372,0.9823703438317328
16,author_L4_reverse_vs_independent,input_128,interior,before,0.04188754853288953,0.9982454332779048,1.7924472017337356,0.9699050030612317
16,author_L4_reverse_vs_independent,embedded_200,interior,before,0.029039063064120005,0.9993870875054373,1.8043223375442712,0.9743715596321578
16,author_L4_reverse_vs_independent,heldout_72,interior,before,0.03766035181714287,1.0013016178421785,1.8252429338456415,0.9818162731421072
16,author_L4_reverse_vs_independent,extrapolated_outside_200,interior,before,0.03074377739578329,1.0014473508742852,1.8295111063646974,0.9880321409428033
16,author_L4_reverse_vs_independent,full_K,interior,before,0.003260684465077856,1.0008234201994968,1.8232465386431262,0.9839151887795524
17,whole_forward_vs_reverse,input_128,interior,before,0.9999968933983425,6.213193664062114e-06,0.004217666041496253,0.0017086483118992836
17,whole_forward_vs_reverse,embedded_200,interior,before,0.9964874924716233,0.007028015867805778,0.0982444888520344,0.0587349269525777
17,whole_forward_vs_reverse,heldout_72,interior,before,0.9868141897880996,0.02641581367620773,0.16364421788866518,0.11387229921082566
17,whole_forward_vs_reverse,extrapolated_outside_200,interior,before,0.9818398820715302,0.0367905719537487,0.23252073605081386,0.11540906314026877
17,whole_forward_vs_reverse,full_K,interior,before,0.9904180129892788,0.019249576503501616,0.20727376683424883,0.08661721472699568
17,whole_forward_vs_independent,input_128,interior,before,0.9999712060353163,5.758710027515004e-05,0.012585176508675808,0.004877288582437881
17,whole_forward_vs_independent,embedded_200,interior,before,0.9954613782296945,0.009549672954779459,0.1244887654417208,0.07896047269747145
17,whole_forward_vs_independent,heldout_72,interior,before,0.9852041313610201,0.03575813392518349,0.20680160415937626,0.15291753008234596
17,whole_forward_vs_independent,extrapolated_outside_200,interior,before,0.961936195815992,0.17793101397072908,0.2982128678140653,0.37160142676273084
17,whole_forward_vs_independent,full_K,interior,before,0.9731521045266338,0.0786930208313471,0.2656549436350053,0.24571979274965028
17,whole_reverse_vs_independent,input_128,interior,before,0.9999739468111942,5.210569884286035e-05,0.010591013463189263,0.004808194897286953
17,whole_reverse_vs_independent,embedded_200,interior,before,0.9934984488139995,0.01361182694314688,0.17588208308236938,0.08341480692407577
17,whole_reverse_vs_independent,heldout_72,interior,before,0.9783492070603136,0.051306109035224354,0.29279647191180386,0.1619758992805081
17,whole_reverse_vs_independent,extrapolated_outside_200,interior,before,0.9619400202070226,0.19248753656625622,0.15063776512028887,0.4093255504417732
17,whole_reverse_vs_independent,full_K,interior,before,0.9714252868718836,0.08553329592937443,0.15732904689749716,0.26744535826467414
17,author_L4_forward_vs_reverse,input_128,interior,before,0.987938314840412,0.023977886070286978,0.1521191187550812,0.11092227419161409
17,author_L4_forward_vs_reverse,embedded_200,interior,before,0.9901803860540528,0.01959482238440748,0.13821132192666777,0.09868015512475896
17,author_L4_forward_vs_reverse,heldout_72,interior,before,0.9946571100169294,0.011107629638249999,0.10919687473385199,0.0690587719210991
17,author_L4_forward_vs_reverse,extrapolated_outside_200,interior,before,0.991004641445657,0.023856890632851877,0.19224238614501457,0.08322943053844098
17,author_L4_forward_vs_reverse,full_K,interior,before,0.9901907621525051,0.02249864190377399,0.18025937881349172,0.08844681845101136
17,author_L4_forward_vs_independent,input_128,interior,before,0.016098894443349346,0.999740825597702,1.7287363430089038,0.9857773065126052
17,author_L4_forward_vs_independent,embedded_200,interior,before,0.02422476681423775,0.9995321072783252,1.763631907366184,0.9865143596419603
17,author_L4_forward_vs_independent,heldout_72,interior,before,0.045549424160957384,0.9991279533044941,1.8240208368316817,0.9879399971718336
17,author_L4_forward_vs_independent,extrapolated_outside_200,interior,before,0.013267130803631259,1.000420137973881,1.8245821248071512,0.9903343090061282
17,author_L4_forward_vs_independent,full_K,interior,before,0.0028739037423843113,1.0001371376807575,1.8095370468145588,0.9891185576207833
17,author_L4_reverse_vs_independent,input_128,interior,before,0.013133210693690252,0.9998275187768754,1.7462170093453646,0.9885102733017871
17,author_L4_reverse_vs_independent,embedded_200,interior,before,0.023402982829798066,0.9995783298979093,1.7756874460136456,0.9890584894972396
17,author_L4_reverse_vs_independent,heldout_72,interior,before,0.04676423744201195,0.9990927523394364,1.8269058890992134,0.9901258893807291
17,author_L4_reverse_vs_independent,extrapolated_outside_200,interior,before,0.011982614524572308,1.0002979137098598,1.8204511211629968,0.992014449987948
17,author_L4_reverse_vs_independent,full_K,interior,before,0.004243484686521862,1.000064880685696,1.809364029124688,0.9910581446840772
18,whole_forward_vs_reverse,input_128,interior,before,0.9999941866865659,1.162659307363846e-05,0.005155716524955695,0.0023746234439717007
18,whole_forward_vs_reverse,embedded_200,interior,before,0.995775046328746,0.008607229749621415,0.10051041417977426,0.06999051154434849
18,whole_forward_vs_reverse,heldout_72,interior,before,0.9843824657826378,0.03352429592991327,0.16737624992764485,0.13814003904574548
18,whole_forward_vs_reverse,extrapolated_outside_200,interior,before,0.9806748770641179,0.0772508394711963,0.14527160223893945,0.2422051152940303
18,whole_forward_vs_reverse,full_K,interior,before,0.9876074280815798,0.030823723796485514,0.13547495950340388,0.14933047719266676
18,whole_forward_vs_independent,input_128,interior,before,0.9999564870976742,8.702391127915742e-05,0.01390654381217272,0.007069406526837338
18,whole_forward_vs_independent,embedded_200,interior,before,0.9919730572554849,0.016986433900206065,0.29424359855574955,0.09473733980987097
18,whole_forward_vs_independent,heldout_72,interior,before,0.9733685569918475,0.06597470260374814,0.490055338247419,0.18667520607699636
18,whole_forward_vs_independent,extrapolated_outside_200,interior,before,0.9567352618142877,0.09625230882860433,0.31106601978990484,0.21195629905429747
18,whole_forward_vs_independent,full_K,interior,before,0.9800915046661548,0.042640822496742,0.3069468607490707,0.14356349030806653
18,whole_reverse_vs_independent,input_128,interior,before,0.9999515601978495,9.687725788632985e-05,0.014660091609667254,0.007392586902087533
18,whole_reverse_vs_independent,embedded_200,interior,before,0.9889520268537304,0.022613541609664237,0.2882522000348729,0.11027173938935322
18,whole_reverse_vs_independent,heldout_72,interior,before,0.9615508159500196,0.08361167347464171,0.48002252007906976,0.21202151409993575
18,whole_reverse_vs_independent,extrapolated_outside_200,interior,before,0.9523103529680165,0.09936596125676692,0.287099997305886,0.22521699110442092
18,whole_reverse_vs_independent,full_K,interior,before,0.973560587811859,0.05282827767132384,0.287388481060073,0.16535021302035904
18,author_L4_forward_vs_reverse,input_128,interior,before,0.9870820304990284,0.025669065065915056,0.14628348522562007,0.11900912297239212
18,author_L4_forward_vs_reverse,embedded_200,interior,before,0.9894889107486696,0.02105803023157279,0.12978547410765723,0.11173690607104574
18,author_L4_forward_vs_reverse,heldout_72,interior,before,0.9940229149682644,0.013033808135469995,0.09352658768599009,0.09780073232185744
18,author_L4_forward_vs_reverse,extrapolated_outside_200,interior,before,0.9849438448010269,0.030505798130828182,0.1447799022631365,0.14864070975563942
18,author_L4_forward_vs_reverse,full_K,interior,before,0.9863618894268323,0.027420333123084166,0.14118067288701333,0.1376806626644675
18,author_L4_forward_vs_independent,input_128,interior,before,0.008390999901569968,0.9999295911206517,1.8290471510707906,0.9926003716865384
18,author_L4_forward_vs_independent,embedded_200,interior,before,0.01571322952564203,1.0000903297942982,1.8509398484238093,0.993281033841041
18,author_L4_forward_vs_independent,heldout_72,interior,before,0.053109794156347846,1.0003700506949444,1.8892338943672977,0.9944644259821942
18,author_L4_forward_vs_independent,extrapolated_outside_200,interior,before,0.010333955775515824,1.0000689075643612,1.8262234831264015,0.9967756989981703
18,author_L4_forward_vs_independent,full_K,interior,before,0.0053254432868581406,1.0000759036656164,1.8324338291907114,0.9956357552855195
18,author_L4_reverse_vs_independent,input_128,interior,before,0.005313740729566366,0.9999717641594589,1.8380018200313923,0.9953179823940863
18,author_L4_reverse_vs_independent,embedded_200,interior,before,0.016823812680264567,1.0001224601916483,1.8645868040347888,0.9956862506777229
18,author_L4_reverse_vs_independent,heldout_72,interior,before,0.05919026879457998,1.0003909293580588,1.910936003855973,0.9963419935914047
18,author_L4_reverse_vs_independent,extrapolated_outside_200,interior,before,0.01105981528620492,1.00001830508912,1.824026265328424,0.9979417651912137
18,author_L4_reverse_vs_independent,full_K,interior,before,0.005710026675878435,1.0000514401301592,1.8342504872293577,0.9972247678177452
19,whole_forward_vs_reverse,input_128,interior,before,0.9999950732891661,9.853397394860768e-06,0.002597327295252231,0.0023143823998649925
19,whole_forward_vs_reverse,embedded_200,interior,before,0.9975716971693519,0.004850844814570485,0.05316278371209433,0.05272167723307593
19,whole_forward_vs_reverse,heldout_72,interior,before,0.9923035893914665,0.015334963322837491,0.08853693614356946,0.09374268810411937
19,whole_forward_vs_reverse,extrapolated_outside_200,interior,before,0.9869001465942908,0.0354726003452238,0.1493050443692077,0.16905991050245853
19,whole_forward_vs_reverse,full_K,interior,before,0.9911375114907572,0.019587474213204163,0.13200593773983443,0.12327431450858817
19,whole_forward_vs_independent,input_128,interior,before,0.9999603661729151,7.926608332964398e-05,0.008190422246516844,0.006130142398692084
19,whole_forward_vs_independent,embedded_200,interior,before,0.9912369362235914,0.018014300907433233,0.13312633463376014,0.08650124626739411
19,whole_forward_vs_independent,heldout_72,interior,before,0.9739389539995008,0.05685614431138242,0.22160831213358734,0.15364189454751373
19,whole_forward_vs_independent,extrapolated_outside_200,interior,before,0.9773343347975588,0.08360736927805607,0.15788014528903999,0.2536752888451307
19,whole_forward_vs_independent,full_K,interior,before,0.9812411988004155,0.04958077131209349,0.1520699196114118,0.18668249258167938
19,whole_reverse_vs_independent,input_128,interior,before,0.9999615497465291,7.689902851967544e-05,0.00845199874318143,0.005638854382077084
19,whole_reverse_vs_independent,embedded_200,interior,before,0.9938610456325908,0.012785503611201355,0.12255030635697814,0.07145085636934442
19,whole_reverse_vs_independent,heldout_72,interior,before,0.9820942527597252,0.04077626324881735,0.20393938619671997,0.12759104064215832
19,whole_reverse_vs_independent,extrapolated_outside_200,interior,before,0.9606417088529363,0.20618200038877063,0.249391309377749,0.4303704429491627
19,whole_reverse_vs_independent,full_K,interior,before,0.9690941904961315,0.0949240122974371,0.22450314762138276,0.2856610487945918
19,author_L4_forward_vs_reverse,input_128,interior,before,0.9932514112872749,0.01345163397583664,0.08748960063047612,0.08948948511260738
19,author_L4_forward_vs_reverse,embedded_200,interior,before,0.9933694668566495,0.01322303518627088,0.08521665145330676,0.0935810370271361
19,author_L4_forward_vs_reverse,heldout_72,interior,before,0.9936023660484851,0.012801832239705106,0.08101855660359951,0.10068541646400345
19,author_L4_forward_vs_reverse,extrapolated_outside_200,interior,before,0.9901588466374848,0.020597781539435114,0.11028768229116168,0.12073111580696058
19,author_L4_forward_vs_reverse,full_K,interior,before,0.9909058772451376,0.018667528241374423,0.10458488930096813,0.11424996370457953
19,author_L4_forward_vs_independent,input_128,interior,before,0.058548531820549414,0.996572069421658,1.750755768457969,0.9466162443338707
19,author_L4_forward_vs_independent,embedded_200,interior,before,0.060895738881536446,0.9964927731093983,1.7437862563695,0.9482603575147817
19,author_L4_forward_vs_independent,heldout_72,interior,before,0.07337015660133815,0.9963466662973753,1.7313267399745207,0.9512822643828658
19,author_L4_forward_vs_independent,extrapolated_outside_200,interior,before,0.012292298842127694,1.0008816083560699,1.813570603620125,0.9674294751944574
19,author_L4_forward_vs_independent,full_K,interior,before,0.027410405515583533,0.9997328822434899,1.7963786843848062,0.9624490714053959
19,author_L4_reverse_vs_independent,input_128,interior,before,0.062057922167271136,0.9961488142962811,1.7598333627407747,0.9443299552572852
19,author_L4_reverse_vs_independent,embedded_200,interior,before,0.06436326492142448,0.9960287209595158,1.7535282134406587,0.9466289001284377
19,author_L4_reverse_vs_independent,heldout_72,interior,before,0.07516619436218387,0.9958106042879624,1.7422627193605207,0.9507900881901673
19,author_L4_reverse_vs_independent,extrapolated_outside_200,interior,before,0.014017377320305469,1.000748677625504,1.813850608375613,0.9668829678191535
19,author_L4_reverse_vs_independent,full_K,interior,before,0.030257371049497377,0.9995131256682526,1.7989596496201725,0.961622242792152
20,whole_forward_vs_reverse,input_128,interior,before,0.9999950829082,9.834159422412963e-06,0.004296023005856322,0.0021249600580191996
20,whole_forward_vs_reverse,embedded_200,interior,before,0.9966819284786476,0.006898844273245705,0.16669830165283464,0.06311066104440323
20,whole_forward_vs_reverse,heldout_72,interior,before,0.9853681988718452,0.03593269342926202,0.277771449082758,0.14404915228021678
20,whole_forward_vs_reverse,extrapolated_outside_200,interior,before,0.9146423298148921,0.2016134899857089,0.5828501271663485,0.33050511368999735
20,whole_forward_vs_reverse,full_K,interior,before,0.9723461212890366,0.05900362011370782,0.5115982642629433,0.17929743276416654
20,whole_forward_vs_independent,input_128,interior,before,0.9999621844193083,7.56297313653847e-05,0.014171712993230608,0.006286844165429441
20,whole_forward_vs_independent,embedded_200,interior,before,0.9884760173834582,0.024580780479044176,0.34184619885681,0.11971497826632321
20,whole_forward_vs_independent,heldout_72,interior,before,0.9533233907772882,0.1278581510443614,0.5694302408387061,0.27306810452910557
20,whole_forward_vs_independent,extrapolated_outside_200,interior,before,0.8822196191302161,0.3852030044758155,0.8844520188725061,0.5220882488538763
20,whole_forward_vs_independent,full_K,interior,before,0.9500399209083488,0.12108168864487495,0.784796939458833,0.28885420099650005
20,whole_reverse_vs_independent,input_128,interior,before,0.9999646322286636,7.073429179378177e-05,0.012586149945403888,0.006129724586729746
20,whole_reverse_vs_independent,embedded_200,interior,before,0.9919474360338897,0.01679301313355305,0.3160913188535381,0.09186987436987304
20,whole_reverse_vs_independent,heldout_72,interior,before,0.9667555366181411,0.08071594518298686,0.526551513533213,0.20139425705610023
20,whole_reverse_vs_independent,extrapolated_outside_200,interior,before,0.9137064849015825,0.23340606989486634,0.684581763060273,0.33587707327449356
20,whole_reverse_vs_independent,full_K,interior,before,0.9636887201129267,0.08231069167188339,0.6135695341195454,0.20002315629282924
20,author_L4_forward_vs_reverse,input_128,interior,before,0.9672476969109373,0.06443189282048732,0.2492311674693437,0.18503001856172294
20,author_L4_forward_vs_reverse,embedded_200,interior,before,0.9706245036219862,0.05791007105876307,0.23928950937697976,0.18462724717991152
20,author_L4_forward_vs_reverse,heldout_72,interior,before,0.9773531691859803,0.04497282598345177,0.22051151016488388,0.18382566373432466
20,author_L4_forward_vs_reverse,extrapolated_outside_200,interior,before,0.9715455360547525,0.05822685067041957,0.7963174290824968,0.16949926519096314
20,author_L4_forward_vs_reverse,full_K,interior,before,0.9709466426630622,0.05812102160401767,0.6999328205048588,0.17469896829601594
20,author_L4_forward_vs_independent,input_128,interior,before,0.012179652832754883,0.9998516560568736,1.8183698850509873,0.9892783258228535
20,author_L4_forward_vs_independent,embedded_200,interior,before,0.008445762176171002,1.0001641018894158,1.7940677983783404,0.9903235375821301
20,author_L4_forward_vs_independent,heldout_72,interior,before,0.04672264011948441,1.0007838962438218,1.7500310158422014,0.9923936515182497
20,author_L4_forward_vs_independent,extrapolated_outside_200,interior,before,0.017244247117511182,0.9998551771217132,1.7965823945172288,0.9948497245758122
20,author_L4_forward_vs_independent,full_K,interior,before,0.010449173636685932,0.9999583820583675,1.7959540755574654,0.9933399196257142
20,author_L4_reverse_vs_independent,input_128,interior,before,0.02891787736546355,0.9991637563686759,1.805670119094076,0.9745452081062074
20,author_L4_reverse_vs_independent,embedded_200,interior,before,0.008652171130962635,1.0002731127932805,1.801372375122466,0.9768383661789675
20,author_L4_reverse_vs_independent,heldout_72,interior,before,0.043480735719628086,1.0024096344519842,1.7937065157727767,0.9812396850648255
20,author_L4_reverse_vs_independent,extrapolated_outside_200,interior,before,0.013518758382361804,0.9999995088630408,1.8025580845386588,0.9867511805153242
20,author_L4_reverse_vs_independent,full_K,interior,before,0.010030110537045975,1.0000967162416996,1.8022617303170336,0.983240751980192
21,whole_forward_vs_reverse,input_128,interior,before,0.9999988555119322,2.28897482540772e-06,0.0012967120316944285,0.0010975125016308414
21,whole_forward_vs_reverse,embedded_200,interior,before,0.9985506436493155,0.0029107146055075226,0.07748598951675931,0.03200560897181444
21,whole_forward_vs_reverse,heldout_72,interior,before,0.994466412963535,0.011249862774981781,0.12913174189833898,0.06291252876278322
21,whole_forward_vs_reverse,extrapolated_outside_200,interior,before,0.9232815046928173,0.1644698794758649,1.1062326757224215,0.16816707911021408
21,whole_forward_vs_reverse,full_K,interior,before,0.9725062120490128,0.055675286612861155,0.9588086718787222,0.09962929220341307
21,whole_forward_vs_independent,input_128,interior,before,0.9999932434430605,1.351306822779576e-05,0.003550301477924373,0.002548144074782048
21,whole_forward_vs_independent,embedded_200,interior,before,0.996665784711106,0.006960280944159154,0.11945634874548176,0.06606659717256239
21,whole_forward_vs_independent,heldout_72,interior,before,0.9890661725716208,0.02687831701329845,0.1990376310429506,0.12985023887282515
21,whole_forward_vs_independent,extrapolated_outside_200,interior,before,0.881695234133281,0.2579826058433193,1.2084637786427068,0.2548320783118164
21,whole_forward_vs_independent,full_K,interior,before,0.9559932157769098,0.0889431603940717,1.048263317603195,0.15539695338328413
21,whole_reverse_vs_independent,input_128,interior,before,0.9999939268204099,1.2146322296471326e-05,0.0035293505360907062,0.0023033654317883173
21,whole_reverse_vs_independent,embedded_200,interior,before,0.9976963351834685,0.004857802478125071,0.10086070706427211,0.056136220290643
21,whole_reverse_vs_independent,heldout_72,interior,before,0.9926811567070116,0.018964545411155585,0.16803529876993673,0.11094983978315062
21,whole_reverse_vs_independent,extrapolated_outside_200,interior,before,0.983283291934707,0.04131536540299409,0.2551647652406207,0.14458763837710523
21,whole_reverse_vs_independent,full_K,interior,before,0.9926881042118461,0.015721177702805282,0.22666056918353056,0.09187808804576814
21,author_L4_forward_vs_reverse,input_128,interior,before,0.9930272043074674,0.013896971505295414,0.12654694767157473,0.06310499007601865
21,author_L4_forward_vs_reverse,embedded_200,interior,before,0.9910905123434138,0.018305244047551995,0.16620320532306684,0.06607792256411671
21,author_L4_forward_vs_reverse,heldout_72,interior,before,0.9889234426802227,0.02657487065739651,0.21968703928079686,0.07132144172732738
21,author_L4_forward_vs_reverse,extrapolated_outside_200,interior,before,0.9697973584648707,0.08663586998409081,0.9111904601387175,0.1083438938331198
21,author_L4_forward_vs_reverse,full_K,interior,before,0.9759042306689513,0.05916780733332668,0.7934777358885196,0.09367445606299743
21,author_L4_forward_vs_independent,input_128,interior,before,0.027588177217022766,0.9992388924778421,1.7841328933847242,0.9741002684354871
21,author_L4_forward_vs_independent,embedded_200,interior,before,0.003655429862036264,1.0004594657529613,1.821915440392778,0.9765964035241741
21,author_L4_forward_vs_independent,heldout_72,interior,before,0.056612534683457894,1.0027491801792894,1.8872176432934482,0.9812618589428393
21,author_L4_forward_vs_independent,extrapolated_outside_200,interior,before,0.01295747835340785,1.0002412806437018,1.8031388104275978,0.9885073439197075
21,author_L4_forward_vs_independent,full_K,interior,before,0.004791832801178711,1.0003289883467776,1.8078512508605602,0.9837366283130009
21,author_L4_reverse_vs_independent,input_128,interior,before,0.024856884844162274,0.9993821352758441,1.794550907903233,0.9764206565262669
21,author_L4_reverse_vs_independent,embedded_200,interior,before,0.0034710997884356666,1.000364168949123,1.8219215121913215,0.9788358773879711
21,author_L4_reverse_vs_independent,heldout_72,interior,before,0.04976312120549349,1.0021254930858512,1.8695912368969474,0.9831528272158636
21,author_L4_reverse_vs_independent,extrapolated_outside_200,interior,before,0.013090906124125579,1.0002050138356073,1.810983858848174,0.9894625573366282
21,author_L4_reverse_vs_independent,full_K,interior,before,0.00447874293299583,1.0002697896337347,1.8137244558925827,0.9851513537513096
22,whole_forward_vs_reverse,input_128,interior,before,0.999999971709802,5.6580395198939873e-08,0.00015869098259940214,0.00018129465271671396
22,whole_forward_vs_reverse,embedded_200,interior,before,0.9996890719101174,0.0006384417439875837,0.02571997375730516,0.019572381111025643
22,whole_forward_vs_reverse,heldout_72,interior,before,0.9985922816159499,0.0032324687195979074,0.042866100730665845,0.044040342074606345
22,whole_forward_vs_reverse,extrapolated_outside_200,interior,before,0.969938817344058,0.07768913305917992,0.7981514675418834,0.15290267667603036
22,whole_forward_vs_reverse,full_K,interior,before,0.9926270848204921,0.01567910219528136,0.6913390652328029,0.06979996958413369
22,whole_forward_vs_independent,input_128,interior,before,0.999999843115445,3.1376908541161243e-07,0.0003921468857249193,0.00041052439696032437
22,whole_forward_vs_independent,embedded_200,interior,before,0.9986225215580385,0.0028400398988788476,0.08912946597349303,0.015470262619912682
22,whole_forward_vs_independent,heldout_72,interior,before,0.9939338140772048,0.014379039556353893,0.1485481897683642,0.034801415782526546
22,whole_forward_vs_independent,extrapolated_outside_200,interior,before,0.8265979367904543,0.8233071713410146,0.7904241355189422,0.7717118781292952
22,whole_forward_vs_independent,full_K,interior,before,0.9339656264186608,0.1629991160191341,0.6859764944473901,0.34123993352575527
22,whole_reverse_vs_independent,input_128,interior,before,0.9999999158904599,1.6821907304006972e-07,0.00029289539009522147,0.0002960215009133785
22,whole_reverse_vs_independent,embedded_200,interior,before,0.9980494397692855,0.004077650571512798,0.10620602725505757,0.019925704131770656
22,whole_reverse_vs_independent,heldout_72,interior,before,0.9921750641852961,0.020226722804251054,0.17700961462562112,0.04437519960958826
22,whole_reverse_vs_independent,extrapolated_outside_200,interior,before,0.7203155743435053,0.956326493411178,1.3773028084084373,0.5949522455760085
22,whole_reverse_vs_independent,full_K,interior,before,0.9056870476240607,0.21707254827769043,1.193960719451713,0.2819260460128606
22,author_L4_forward_vs_reverse,input_128,interior,before,0.9941791726953558,0.011607772578777919,0.18415388184304107,0.050795850009351676
22,author_L4_forward_vs_reverse,embedded_200,interior,before,0.9908764382563446,0.018210033440716582,0.38651199830474753,0.05091288779697237
22,author_L4_forward_vs_reverse,heldout_72,interior,before,0.9864147629382211,0.02724780919616876,0.5955562932318411,0.05107266491975878
22,author_L4_forward_vs_reverse,extrapolated_outside_200,interior,before,0.9853433485756173,0.036315678018308505,0.8101548847556279,0.06587251340462744
22,author_L4_forward_vs_reverse,full_K,interior,before,0.9865300521133414,0.030074673263139964,0.7277438314258912,0.06113080621659051
22,author_L4_forward_vs_independent,input_128,interior,before,0.020526540557076915,0.9995786611327586,1.7867508729839883,0.9807182156143655
22,author_L4_forward_vs_independent,embedded_200,interior,before,0.007397237913501572,1.0001697721061764,1.8139189079332143,0.9846907131177803
22,author_L4_forward_vs_independent,heldout_72,interior,before,0.04216982515952327,1.0009789386229277,1.8612387213357522,0.9901027874170347
22,author_L4_forward_vs_independent,extrapolated_outside_200,interior,before,0.012852733583939376,1.0001533651099037,1.812906019029865,0.9927907861912771
22,author_L4_forward_vs_independent,full_K,interior,before,0.0030913752609988683,1.0001590205916138,1.8131592943024728,0.990006180908522
22,author_L4_reverse_vs_independent,input_128,interior,before,0.01982078741591516,0.9996071363862131,1.7889357273821231,0.9811085860793695
22,author_L4_reverse_vs_independent,embedded_200,interior,before,0.008093978074331891,1.0001877427647587,1.8126511182406744,0.9848777423528291
22,author_L4_reverse_vs_independent,heldout_72,interior,before,0.046341679698681734,1.0009980379981505,1.8540629656157817,0.9901139979229103
22,author_L4_reverse_vs_independent,extrapolated_outside_200,interior,before,0.013694036604579449,1.0001126242218388,1.8061747459551014,0.9927981954823009
22,author_L4_reverse_vs_independent,full_K,interior,before,0.003088700798587054,1.0001393205768816,1.8077960141590295,0.9899906065965358
23,whole_forward_vs_reverse,input_128,interior,strong,0.999999993075582,1.3848836047288861e-08,7.975742624877264e-05,8.941986579978966e-05
23,whole_forward_vs_reverse,embedded_200,interior,strong,0.9994323529184285,0.0013366985542931627,0.03617127894452192,0.018953380679748114
23,whole_forward_vs_reverse,heldout_72,interior,strong,0.9988837483442192,0.005124902523058878,0.060285371113017044,0.037111699356959155
23,whole_forward_vs_reverse,extrapolated_outside_200,interior,strong,0.9959410901136961,0.015727620248477323,0.11595228924491582,0.1063520034684276
23,whole_forward_vs_reverse,full_K,interior,strong,0.997096239411761,0.0076746616331936504,0.10203328080079102,0.07198911205375587
23,whole_forward_vs_independent,input_128,interior,strong,0.9999999258610753,1.4827784393185473e-07,0.00025993682578726523,0.0002943336073889637
23,whole_forward_vs_independent,embedded_200,interior,strong,0.9987111938308466,0.0030973704865822696,0.05665067859142985,0.025749612869201313
23,whole_forward_vs_independent,heldout_72,interior,strong,0.997793665397795,0.01187498978258484,0.09441716154461822,0.050417053343826373
23,whole_forward_vs_independent,extrapolated_outside_200,interior,strong,0.9825086552180291,0.06042614438002815,0.2531017084855347,0.2026201650060187
23,whole_forward_vs_independent,full_K,interior,strong,0.9888297734556664,0.028345763884632284,0.2210151148110459,0.13583885662740058
23,whole_reverse_vs_independent,input_128,interior,strong,0.9999999501366954,9.972660697408783e-08,0.0002164557772422463,0.00024066065429423556
23,whole_reverse_vs_independent,embedded_200,interior,strong,0.9997568793341187,0.0005645961059454076,0.02170036243368671,0.01419707409381345
23,whole_reverse_vs_independent,heldout_72,interior,strong,0.9994917395872823,0.002112069936792996,0.03616611918814196,0.027457844309943726
23,whole_reverse_vs_independent,extrapolated_outside_200,interior,strong,0.9948359768693112,0.01412428140289887,0.13839699232156402,0.09558623436114899
23,whole_reverse_vs_independent,full_K,interior,strong,0.9969113635017447,0.007045268746768828,0.12034542801942925,0.06687304473378515
23,author_L4_forward_vs_reverse,input_128,interior,strong,0.9963097124016568,0.007366956974128168,0.054725194334121825,0.06876673279037739
23,author_L4_forward_vs_reverse,embedded_200,interior,strong,0.9942671869228014,0.011982038433763848,0.07605649220640279,0.09144886612687786
23,author_L4_forward_vs_reverse,heldout_72,interior,strong,0.9920795830346633,0.020452278269899406,0.10365391124637732,0.1226074045979897
23,author_L4_forward_vs_reverse,extrapolated_outside_200,interior,strong,0.988602130656206,0.03246792757089669,0.18704650221495275,0.14726689666551684
23,author_L4_forward_vs_reverse,full_K,interior,strong,0.9897984561279997,0.024241214840651865,0.16639093423267354,0.12781484786620023
23,author_L4_forward_vs_independent,input_128,interior,strong,0.022022672444762737,0.9995150018983906,1.7829153199162344,0.9782434480515823
23,author_L4_forward_vs_independent,embedded_200,interior,strong,0.009333766706655375,1.000371100306901,1.8181139584101251,0.979787574501112
23,author_L4_forward_vs_independent,heldout_72,interior,strong,0.05394884986286143,1.001942331260642,1.8790620158966787,0.9826152567485169
23,author_L4_forward_vs_independent,extrapolated_outside_200,interior,strong,0.014527601952199773,1.0001853404028436,1.8155890089226585,0.9832523851881704
23,author_L4_forward_vs_independent,full_K,interior,strong,0.004352961305263483,1.0002599377687302,1.8162205753795446,0.9818624574282563
23,author_L4_reverse_vs_independent,input_128,interior,strong,0.018791370246681614,0.9996468844042521,1.7839347354246105,0.9813982900251155
23,author_L4_reverse_vs_independent,embedded_200,interior,strong,0.008622158998896732,1.0003784838318615,1.8191667387856798,0.9823112613926467
23,author_L4_reverse_vs_independent,heldout_72,interior,strong,0.056866060124031066,1.0018426287503475,1.880171988100248,0.9841358411367359
23,author_L4_reverse_vs_independent,extrapolated_outside_200,interior,strong,0.01486633392039177,1.0000874592976314,1.8134768706079274,0.9837950066055708
23,author_L4_reverse_vs_independent,full_K,interior,strong,0.003911520728866867,1.0002183236397886,1.8149010099860743,0.9831280913350647
24,whole_forward_vs_reverse,input_128,interior,after,0.999999972427461,5.5145077594719305e-08,0.00015623352508628633,0.00017445356921600506
24,whole_forward_vs_reverse,embedded_200,interior,after,0.9992318884716082,0.0016892109212786359,0.041406412968605845,0.022791298739122872
24,whole_forward_vs_reverse,heldout_72,interior,after,0.9979683754923754,0.006273537340199575,0.06901037388243281,0.043921712018574595
24,whole_forward_vs_reverse,extrapolated_outside_200,interior,after,0.9377576332619925,0.1395149432468206,0.7851799637952276,0.10099731757039064
24,whole_forward_vs_reverse,full_K,interior,after,0.9696139470614794,0.06265017163673604,0.6803008925599303,0.06929214295726495
24,whole_forward_vs_independent,input_128,interior,after,0.9999999359941871,1.2801162151138825e-07,0.00021853537224062201,0.00029013802624846223
24,whole_forward_vs_independent,embedded_200,interior,after,0.9986073809079371,0.003096213387893496,0.04728639489609038,0.03918444980965752
24,whole_forward_vs_independent,heldout_72,interior,after,0.9963704403713127,0.011498911460891794,0.07881011950912448,0.07551348903184321
24,whole_forward_vs_independent,extrapolated_outside_200,interior,after,0.9793418126314521,0.05477614120269696,0.29122366836105146,0.15108517557264867
24,whole_forward_vs_independent,full_K,interior,after,0.9882913653264704,0.025954485178930176,0.25331288862949314,0.10465498513411872
24,whole_reverse_vs_independent,input_128,interior,after,0.99999985049043,2.990191177369377e-07,0.000331720649195751,0.00043902838845004687
24,whole_reverse_vs_independent,embedded_200,interior,after,0.9966423677311631,0.007583904047261298,0.08460474658771268,0.05375173447901747
24,whole_reverse_vs_independent,heldout_72,interior,after,0.9914933678170215,0.029442298695077317,0.14100721731404442,0.10590769754690303
24,whole_reverse_vs_independent,extrapolated_outside_200,interior,after,0.8620641815437693,0.3880930786437522,1.0733578104565697,0.263215307360915
24,whole_reverse_vs_independent,full_K,interior,after,0.9275438518458645,0.16561577633002547,0.9305171856217294,0.17453767801551692
24,author_L4_forward_vs_reverse,input_128,interior,after,0.9824254856781786,0.034840165089994886,0.18793341819920553,0.08959572503677077
24,author_L4_forward_vs_reverse,embedded_200,interior,after,0.9673768415828407,0.06838426124620743,0.29058919673041333,0.1288432173403747
24,author_L4_forward_vs_reverse,heldout_72,interior,after,0.9463163009861039,0.13805469500737858,0.4144539267510217,0.18549098051189933
24,author_L4_forward_vs_reverse,extrapolated_outside_200,interior,after,0.9229176853857183,0.3151506625193059,0.7360897105976462,0.30298977955773293
24,author_L4_forward_vs_reverse,full_K,interior,after,0.9296460788984243,0.20773217501496563,0.653820745196955,0.243036927194832
24,author_L4_forward_vs_independent,input_128,interior,after,0.0068384304490402585,0.9999532358689934,1.8008197867538558,0.9931989709912618
24,author_L4_forward_vs_independent,embedded_200,interior,after,0.015774952488604627,1.0001071806774027,1.8191141045728523,0.9934704546248033
24,author_L4_forward_vs_independent,heldout_72,interior,after,0.05985063834321192,1.0004269210432537,1.8511909880029493,0.9940340839127573
24,author_L4_forward_vs_independent,extrapolated_outside_200,interior,after,0.016108918861424026,0.9999765044240971,1.8111458867493977,0.9945371952379297
24,author_L4_forward_vs_independent,full_K,interior,after,0.0008337763560677463,1.0000333883653891,1.8131412241413847,0.9940729791048797
24,author_L4_reverse_vs_independent,input_128,interior,after,0.014884381478297225,0.9997784551880086,1.7905536376062685,0.9853034098164782
24,author_L4_reverse_vs_independent,embedded_200,interior,after,0.018556993462858162,1.000177420234616,1.812780528620371,0.9867070757323029
24,author_L4_reverse_vs_independent,heldout_72,interior,after,0.06436739412026783,1.0008142490000902,1.8516363291036553,0.9889434818227469
24,author_L4_reverse_vs_independent,extrapolated_outside_200,interior,after,0.014850272515629075,1.0000538741153808,1.8095305290326185,0.9909670097231796
24,author_L4_reverse_vs_independent,full_K,interior,after,0.0012547543028355414,1.0000956079641135,1.8103435759164856,0.9895300562100557
25,whole_forward_vs_reverse,input_128,interior,after,0.9999999523931805,9.521363679916468e-08,0.00023397001400983521,0.00020599637472656462
25,whole_forward_vs_reverse,embedded_200,interior,after,0.9998777214699116,0.000248495734585837,0.01448187581388875,0.010954552155545739
25,whole_forward_vs_reverse,heldout_72,interior,after,0.9994733300109578,0.0011346107843908033,0.024134443588050454,0.023407963104150185
25,whole_forward_vs_reverse,extrapolated_outside_200,interior,after,0.9980531294609907,0.006593401168742633,0.11029034877896196,0.07044404934217231
25,whole_forward_vs_reverse,full_K,interior,after,0.9990912282203415,0.0020884604426961956,0.09578831847940036,0.039041554689273665
25,whole_forward_vs_independent,input_128,interior,after,0.9999996310661383,7.378675876903638e-07,0.000630986658343142,0.0006124976667687909
25,whole_forward_vs_independent,embedded_200,interior,after,0.998636335281027,0.002932229921682708,0.06717572145673929,0.024930245067087756
25,whole_forward_vs_independent,heldout_72,interior,after,0.9955638014354742,0.013389692802971127,0.11195637470026115,0.05326637334768246
25,whole_forward_vs_independent,extrapolated_outside_200,interior,after,0.9035181687027412,0.4813588986553852,0.5340117840254514,0.5766290749696303
25,whole_forward_vs_independent,full_K,interior,after,0.946987625709285,0.14167160043301066,0.4636858672601984,0.31122912206904824
25,whole_reverse_vs_independent,input_128,interior,after,0.9999996816864339,6.366270308038518e-07,0.0005501977002863806,0.0005992364928166339
25,whole_reverse_vs_independent,embedded_200,interior,after,0.9985617540033609,0.0031233154023387008,0.06950226915289091,0.025648060063914242
25,whole_reverse_vs_independent,heldout_72,interior,after,0.9956391765679685,0.014102874398601922,0.11583479229530683,0.05449323323646598
25,whole_reverse_vs_independent,extrapolated_outside_200,interior,after,0.9081455911490594,0.4099249768215061,0.6306549680234278,0.5014502571761594
25,whole_reverse_vs_independent,full_K,interior,after,0.9502289096272106,0.12863801993831933,0.5472676747934445,0.27935290135950647
25,author_L4_forward_vs_reverse,input_128,interior,after,0.9677571674458461,0.06344606485719295,0.206809877743223,0.20506158843456482
25,author_L4_forward_vs_reverse,embedded_200,interior,after,0.9555386641183676,0.08974227458897537,0.2073958683347027,0.26038535407898356
25,author_L4_forward_vs_reverse,heldout_72,interior,after,0.9445267066594515,0.12277690957194683,0.20843356163508045,0.3164638049982261
25,author_L4_forward_vs_reverse,extrapolated_outside_200,interior,after,0.9751571451113528,0.07730611535692464,0.2486717782149343,0.22441295092838703
25,author_L4_forward_vs_reverse,full_K,interior,after,0.9683555900466806,0.08069971480900587,0.23902196867863307,0.2347766036419187
25,author_L4_forward_vs_independent,input_128,interior,after,0.020158596158404287,0.9995936310009224,1.7978809960984152,0.981587491381006
25,author_L4_forward_vs_independent,embedded_200,interior,after,0.00981213965835145,1.0000614178303633,1.813877060118751,0.9862102473622257
25,author_L4_forward_vs_independent,heldout_72,interior,after,0.03256298447212841,1.000649075417447,1.8419715437697246,0.99198705861285
25,author_L4_forward_vs_independent,extrapolated_outside_200,interior,after,0.009013047833907365,1.0002330668945112,1.812192750005484,0.9931244346307617
25,author_L4_forward_vs_independent,full_K,interior,after,0.0017226062791631572,1.0001862270174098,1.812613974260816,0.9912424645905469
25,author_L4_reverse_vs_independent,input_128,interior,after,0.02441447045897241,0.9994039336322081,1.7960015804315566,0.9762967629484117
25,author_L4_reverse_vs_independent,embedded_200,interior,after,0.007763623621960993,1.000231885043865,1.818751791386329,0.9808918981845465
25,author_L4_reverse_vs_independent,heldout_72,interior,after,0.04423029474028606,1.0013601826051186,1.8585091138440375,0.9871195191666098
25,author_L4_reverse_vs_independent,extrapolated_outside_200,interior,after,0.005662599985124154,1.0002483605339112,1.8080101384598186,0.9899073709840011
25,author_L4_reverse_vs_independent,full_K,interior,after,0.0004261782450182371,1.0002436604511824,1.8107015257208643,0.9873438539482862
26,whole_forward_vs_reverse,input_128,interior,after,0.9999990079513568,1.984096302424873e-06,0.0011807603572708606,0.0010400151095192214
26,whole_forward_vs_reverse,embedded_200,interior,after,0.999025643204237,0.0019579933312745953,0.04426641285597311,0.02819062672165211
26,whole_forward_vs_reverse,heldout_72,interior,after,0.9962806550366496,0.007580873408570551,0.07376055522058875,0.05546291392014814
26,whole_forward_vs_reverse,extrapolated_outside_200,interior,after,0.974864133781888,0.06963752920048452,0.47373778582632975,0.22924041502785303
26,whole_forward_vs_reverse,full_K,interior,after,0.9876249455931625,0.026827562056637735,0.41086554505885375,0.14075927842129807
26,whole_forward_vs_independent,input_128,interior,after,0.9999922455220235,1.550889582109047e-05,0.003511297370442958,0.0028809240431368474
26,whole_forward_vs_independent,embedded_200,interior,after,0.998995595066141,0.002129374488736225,0.04253215686765686,0.035721230646951686
26,whole_forward_vs_independent,heldout_72,interior,after,0.9967584597915606,0.008206039422607576,0.07073215664101,0.07014444950472108
26,whole_forward_vs_independent,extrapolated_outside_200,interior,after,0.9966796126732003,0.008561405879866807,0.0791642972848064,0.06166785848868755
26,whole_forward_vs_independent,full_K,interior,after,0.9980072480273464,0.0044928931605329675,0.07178081613775122,0.046952630473542756
26,whole_reverse_vs_independent,input_128,interior,after,0.9999942707881379,1.145839090072536e-05,0.00301149297266046,0.0024331002664576607
26,whole_reverse_vs_independent,embedded_200,interior,after,0.9987158064381282,0.0027458598405197036,0.04351107682628661,0.0425898412952955
26,whole_reverse_vs_independent,heldout_72,interior,after,0.9959013791280461,0.01077516054567886,0.07240721244445293,0.08439688410240447
26,whole_reverse_vs_independent,extrapolated_outside_200,interior,after,0.9718167192891913,0.13158092701766824,0.5168717181800466,0.31801244712509685
26,whole_reverse_vs_independent,full_K,interior,after,0.9849534281630056,0.03993247538753817,0.44815241072925277,0.17458747860790455
26,author_L4_forward_vs_reverse,input_128,interior,after,0.9919040452059016,0.01612636510416889,0.09424064369160409,0.10261423336126262
26,author_L4_forward_vs_reverse,embedded_200,interior,after,0.9886657761762119,0.023102346516664294,0.12346372804445832,0.12182384033065756
26,author_L4_forward_vs_reverse,heldout_72,interior,after,0.9836799139478497,0.03780331588979734,0.1629524541397047,0.15468254946347376
26,author_L4_forward_vs_reverse,extrapolated_outside_200,interior,after,0.9890333915764502,0.039130043422765735,0.306479894689238,0.1281834216477837
26,author_L4_forward_vs_reverse,full_K,interior,after,0.9878237658720664,0.03473587026192615,0.27250370166697513,0.12647169350653195
26,author_L4_forward_vs_independent,input_128,interior,after,0.02106910461799771,0.999556092830596,1.7878869818899419,0.9797923813388564
26,author_L4_forward_vs_independent,embedded_200,interior,after,0.012958148606795176,0.9999612456094241,1.8097870745581364,0.9809011049043178
26,author_L4_forward_vs_independent,heldout_72,interior,after,0.025727017364070723,1.0008150521551709,1.8480798930769575,0.983233501478563
26,author_L4_forward_vs_independent,extrapolated_outside_200,interior,after,0.004593931383139536,1.0001778860373898,1.8158793468841927,0.9917164509954285
26,author_L4_forward_vs_independent,full_K,interior,after,0.002942108703929714,1.0001184916303396,1.8143581966193572,0.9887630732041541
26,author_L4_reverse_vs_independent,input_128,interior,after,0.02112210187126419,0.9995538568125398,1.7749940526990375,0.9800580927847258
26,author_L4_reverse_vs_independent,embedded_200,interior,after,0.013683686103693285,0.9999459132749751,1.8011892273849477,0.9814423252897523
26,author_L4_reverse_vs_independent,heldout_72,interior,after,0.027395052975821094,1.0007719978464227,1.846841256106652,0.9843526076779067
26,author_L4_reverse_vs_independent,extrapolated_outside_200,interior,after,0.005676058983675116,1.0001753264245454,1.8073442034900349,0.99235002307933
26,author_L4_reverse_vs_independent,full_K,interior,after,0.0025055621300567555,1.0001155727074178,1.8058074262303465,0.9895205479001811
27,whole_forward_vs_reverse,input_128,interior,after,0.999995702829463,8.594322608043796e-06,0.004343133827190111,0.002146735661815406
27,whole_forward_vs_reverse,embedded_200,interior,after,0.9977212276334959,0.004709707997345928,0.067159544479839,0.047411544658494585
27,whole_forward_vs_reverse,heldout_72,interior,after,0.9923752524590055,0.017542239278691335,0.11178267873444472,0.09149424201433701
27,whole_forward_vs_reverse,extrapolated_outside_200,interior,after,0.9296958734716098,0.16489737731674023,0.6428732965049804,0.3076935441937327
27,whole_forward_vs_reverse,full_K,interior,after,0.9638225433323635,0.07595119853989346,0.5577563604505736,0.20821582254315144
27,whole_forward_vs_independent,input_128,interior,after,0.9999648345510689,7.03296612535334e-05,0.013620643379644913,0.005688595462980516
27,whole_forward_vs_independent,embedded_200,interior,after,0.9935080826243534,0.013570161098660393,0.1030516397054246,0.0927886049720537
27,whole_forward_vs_independent,heldout_72,interior,after,0.9785384992031348,0.050420367496418414,0.17078988401353434,0.17895021262452207
27,whole_forward_vs_independent,extrapolated_outside_200,interior,after,0.9812353093876445,0.05616130637019396,0.1612605148662747,0.18516722174878997
27,whole_forward_vs_independent,full_K,interior,after,0.9866756138438093,0.032512047736690544,0.14885773528001883,0.14152502273618736
27,whole_reverse_vs_independent,input_128,interior,after,0.9999631941597519,7.361032582621325e-05,0.013783786725374314,0.005946105464005552
27,whole_reverse_vs_independent,embedded_200,interior,after,0.9934654386291997,0.014487953882053602,0.1063389527135661,0.09544389764798833
27,whole_reverse_vs_independent,heldout_72,interior,after,0.9808482092471384,0.05781278341280563,0.17627612089547384,0.19074479354495383
27,whole_reverse_vs_independent,extrapolated_outside_200,interior,after,0.894522076727989,0.5306722711861086,0.7508210261211821,0.5849232995986975
27,whole_reverse_vs_independent,full_K,interior,after,0.9390375128371504,0.18125909207223542,0.6524003013222043,0.3416211055082358
27,author_L4_forward_vs_reverse,input_128,interior,after,0.9891797318329797,0.021523458130834967,0.12630004670966982,0.11054307390396972
27,author_L4_forward_vs_reverse,embedded_200,interior,after,0.9832666685569069,0.0337801218814209,0.16377071158693404,0.14200599353276724
27,author_L4_forward_vs_reverse,heldout_72,interior,after,0.9750587955587917,0.052970744747675214,0.2148110075186071,0.18057375956275243
27,author_L4_forward_vs_reverse,extrapolated_outside_200,interior,after,0.9517839497993963,0.12068015321632908,0.5450412555194338,0.21177516390063558
27,author_L4_forward_vs_reverse,full_K,interior,after,0.9598878690992225,0.09163385399786879,0.47906960784115,0.1913071656474296
27,author_L4_forward_vs_independent,input_128,interior,after,0.026546354618770363,0.9992952910564545,1.7617009591568888,0.9767015779799966
27,author_L4_forward_vs_independent,embedded_200,interior,after,0.011302817370366699,1.0001285152339179,1.80282295458261,0.9789188725629663
27,author_L4_forward_vs_independent,heldout_72,interior,after,0.028269715134390038,1.0014331191031383,1.873701649063825,0.9823805043862003
27,author_L4_forward_vs_independent,extrapolated_outside_200,interior,after,0.02437270548127437,1.0008401755302292,1.8266224099873865,0.9849866892505738
27,author_L4_forward_vs_independent,full_K,interior,after,0.009651676181908155,1.0006023033730962,1.8207017116742623,0.982962691607119
27,author_L4_reverse_vs_independent,input_128,interior,after,0.024403747511884587,0.9994044571073762,1.7559702730849287,0.9789750480914079
27,author_L4_reverse_vs_independent,embedded_200,interior,after,0.013976947123408377,1.0000262675190674,1.8029617577953811,0.9818583684005115
27,author_L4_reverse_vs_independent,heldout_72,interior,after,0.030229181016295306,1.0009196706293997,1.88360977034605,0.9859862976684469
27,author_L4_reverse_vs_independent,extrapolated_outside_200,interior,after,0.028583674005264167,1.0008787796050163,1.830014785492978,0.9875289440795229
27,author_L4_reverse_vs_independent,full_K,interior,after,0.010586519816249789,1.0005933363593873,1.82328916010608,0.9856339206692006
28,whole_forward_vs_reverse,input_128,interior,after,0.9999942375446674,1.152487745952081e-05,0.0034779098663583947,0.0025113470065180133
28,whole_forward_vs_reverse,embedded_200,interior,after,0.996770030782422,0.00646203402482678,0.06864953119697541,0.046881655754556564
28,whole_forward_vs_reverse,heldout_72,interior,after,0.9896364031220654,0.020750091295511527,0.11432187485171287,0.08397801199375687
28,whole_forward_vs_reverse,extrapolated_outside_200,interior,after,0.9957550058098023,0.009019755008158,0.08460219522841146,0.06596678273426287
28,whole_forward_vs_reverse,full_K,interior,after,0.9962400868237214,0.0076740248953600055,0.0809094438955726,0.05673134519570482
28,whole_forward_vs_independent,input_128,interior,after,0.9999643823527037,7.123402597589147e-05,0.01105292553274952,0.005908351125609009
28,whole_forward_vs_independent,embedded_200,interior,after,0.9942130475628542,0.012201680189559838,0.07884802086815354,0.08240672188573105
28,whole_forward_vs_independent,heldout_72,interior,after,0.9834771616218251,0.03907095601641226,0.1305844066177119,0.14749747607034724
28,whole_forward_vs_independent,extrapolated_outside_200,interior,after,0.9858044274826845,0.06800705053431741,0.10758175650135735,0.24378913990016018
28,whole_forward_vs_independent,full_K,interior,after,0.9871039987298283,0.03864537745965145,0.1011663399933209,0.1781452075750429
28,whole_reverse_vs_independent,input_128,interior,after,0.9999525366388768,9.492446947532507e-05,0.01339765522807441,0.006876203337649684
28,whole_reverse_vs_independent,embedded_200,interior,after,0.9905685200241277,0.019747798076118914,0.11487485842303279,0.09194790248482163
28,whole_reverse_vs_independent,heldout_72,interior,after,0.9724508884263487,0.06367184868759741,0.19062291828897004,0.16505850615425538
28,whole_reverse_vs_independent,extrapolated_outside_200,interior,after,0.9843835950926096,0.06880604880407121,0.09100496595432635,0.23682221021926628
28,whole_reverse_vs_independent,full_K,interior,after,0.9848650996680492,0.04315635477379126,0.09752172140445958,0.17658322413802222
28,author_L4_forward_vs_reverse,input_128,interior,after,0.9938732270634287,0.012216008526526103,0.07820975085412253,0.07938430080029796
28,author_L4_forward_vs_reverse,embedded_200,interior,after,0.995342303499054,0.009294563938550604,0.07182755618793286,0.06869375481564118
28,author_L4_forward_vs_reverse,heldout_72,interior,after,0.9981106344427031,0.003782337975000815,0.058795033463383654,0.04161654723594928
28,author_L4_forward_vs_reverse,extrapolated_outside_200,interior,after,0.9969686035167388,0.006203374272150798,0.05636971070502661,0.05047133492821787
28,author_L4_forward_vs_reverse,full_K,interior,after,0.9965598297355739,0.006955121060072182,0.06060493107585353,0.055456624790196356
28,author_L4_forward_vs_independent,input_128,interior,after,0.020829379965225856,0.9995661369302642,1.7815500343848043,0.9806663682066895
28,author_L4_forward_vs_independent,embedded_200,interior,after,0.008870638976451049,1.0003272358130428,1.7775737448911104,0.9811623384804423
28,author_L4_forward_vs_independent,heldout_72,interior,after,0.04133139143883717,1.001763288730065,1.7704827358940898,0.9820974605740883
28,author_L4_forward_vs_independent,extrapolated_outside_200,interior,after,0.0008361173666792358,1.0001869258865785,1.8114170378651189,0.9891232856578355
28,author_L4_forward_vs_independent,full_K,interior,after,0.0030637564614574633,1.000221047874524,1.803015770433687,0.9871931698292293
28,author_L4_reverse_vs_independent,input_128,interior,after,0.018388698961577434,0.9996618557505008,1.7805354745096313,0.9829200163667643
28,author_L4_reverse_vs_independent,embedded_200,interior,after,0.00825463182253451,1.000286384546076,1.7738143351287516,0.9833375171467746
28,author_L4_reverse_vs_independent,heldout_72,interior,after,0.03951773209876022,1.0014565771143928,1.7618023338461153,0.9841193201700156
28,author_L4_reverse_vs_independent,extrapolated_outside_200,interior,after,0.0008531031673944929,1.000147167274657,1.810550781786427,0.990231098096203
28,author_L4_reverse_vs_independent,full_K,interior,after,0.0030964902318526663,1.000181561952758,1.8014369053474077,0.9885324581287928
29,whole_forward_vs_reverse,input_128,interior,after,0.9999938088111078,1.2382339453330151e-05,0.005517448500898511,0.00243467242226066
29,whole_forward_vs_reverse,embedded_200,interior,after,0.9962031835932244,0.007618611781297982,0.07923926709794514,0.0633629694663361
29,whole_forward_vs_reverse,heldout_72,interior,after,0.9858843680569359,0.02862273042811518,0.1318603893214866,0.12282220425226958
29,whole_forward_vs_reverse,extrapolated_outside_200,interior,after,0.9902648378258387,0.03594081548048528,0.06217981280160492,0.1759847239035184
29,whole_forward_vs_reverse,full_K,interior,after,0.9909883641084252,0.02209808046784071,0.06685403654669513,0.13340071676023588
29,whole_forward_vs_independent,input_128,interior,after,0.999943503925286,0.000112988957621365,0.01619149490034422,0.00735486036305377
29,whole_forward_vs_independent,embedded_200,interior,after,0.992792379702072,0.014364768830005072,0.12585797773612462,0.08984052296074822
29,whole_forward_vs_independent,heldout_72,interior,after,0.9727804309510982,0.05372015215844588,0.20864939541993646,0.17381132856964548
29,whole_forward_vs_independent,extrapolated_outside_200,interior,after,0.9713273608457664,0.07492135340128848,0.21090094058885878,0.21634505882797317
29,whole_forward_vs_independent,full_K,interior,after,0.9792087547541873,0.0453237711511781,0.19318245959689434,0.16695405122435997
29,whole_reverse_vs_independent,input_128,interior,after,0.9999476965106783,0.00010460424298862823,0.01735104287294298,0.00708786234118239
29,whole_reverse_vs_independent,embedded_200,interior,after,0.9933607507484771,0.013307017959994697,0.12056554729240486,0.08216367397750159
29,whole_reverse_vs_independent,heldout_72,interior,after,0.9738611505311086,0.052735507787949276,0.1996063739873689,0.16359108199144304
29,whole_reverse_vs_independent,extrapolated_outside_200,interior,after,0.9800792470425008,0.04157664623930865,0.1930167734565141,0.12374383770590855
29,whole_reverse_vs_independent,full_K,interior,after,0.9872530209072569,0.02581944763446817,0.17769529798267525,0.10266621690799467
29,author_L4_forward_vs_reverse,input_128,interior,after,0.9909160887737318,0.01808530500937011,0.09870071251437337,0.09691961071158693
29,author_L4_forward_vs_reverse,embedded_200,interior,after,0.9924229974016828,0.01510992364290721,0.08410021983427575,0.0947664163718132
29,author_L4_forward_vs_reverse,heldout_72,interior,after,0.995167235507833,0.009745001390019785,0.048249218751093684,0.09075497464635546
29,author_L4_forward_vs_reverse,extrapolated_outside_200,interior,after,0.991731403075435,0.016501805881297578,0.05894782565144115,0.11320854411689617
29,author_L4_forward_vs_reverse,full_K,interior,after,0.9919491904040049,0.016062276203613588,0.06613884150646959,0.10772649153503934
29,author_L4_forward_vs_independent,input_128,interior,after,0.03114925851232608,0.9990297236941323,1.7444064460318072,0.9716077944789653
29,author_L4_forward_vs_independent,embedded_200,interior,after,0.02244021211630546,0.9997972793961919,1.7586169729072323,0.9739829451386142
29,author_L4_forward_vs_independent,heldout_72,interior,after,0.04629821462059644,1.001181262206841,1.7836005984031853,0.9782510156307183
29,author_L4_forward_vs_independent,extrapolated_outside_200,interior,after,0.016281262848734893,1.000831249802983,1.8147491406582892,0.9842065931089695
29,author_L4_forward_vs_independent,full_K,interior,after,0.003075290366727378,1.000504741807481,1.800880131210667,0.9809896721174335
29,author_L4_reverse_vs_independent,input_128,interior,after,0.02957004870460416,0.999125612219607,1.753975696706531,0.9731852119051544
29,author_L4_reverse_vs_independent,embedded_200,interior,after,0.021461605927165787,0.9999844232557451,1.7677384423652094,0.9757359243122532
29,author_L4_reverse_vs_independent,heldout_72,interior,after,0.05778897314482089,1.0014891295050277,1.7919445707325212,0.9801889755548734
29,author_L4_reverse_vs_independent,extrapolated_outside_200,interior,after,0.017597402184509434,1.000792960712675,1.8116424476006563,0.9853454185867077
29,author_L4_reverse_vs_independent,full_K,interior,after,0.004390105526239163,1.0005381098222843,1.8007668001757797,0.9823266527252218
30,whole_forward_vs_reverse,input_128,interior,after,0.9999933796822132,1.3240591745050935e-05,0.007145211597553272,0.0025567619749022386
30,whole_forward_vs_reverse,embedded_200,interior,after,0.9973129167466228,0.005377130948761569,0.06944025664425353,0.05223407793127093
30,whole_forward_vs_reverse,heldout_72,interior,after,0.9897118036559635,0.020626187981820445,0.11534097580175724,0.10230545908619407
30,whole_forward_vs_reverse,extrapolated_outside_200,interior,after,0.9928118066279223,0.01599236673067402,0.13940379968209637,0.07973902373438345
30,whole_forward_vs_reverse,full_K,interior,after,0.9950318307911192,0.01032077736573327,0.12562066643295397,0.06647476378396736
30,whole_forward_vs_independent,input_128,interior,after,0.9999661741441535,6.765056750438438e-05,0.00955784366552263,0.005599042541002692
30,whole_forward_vs_independent,embedded_200,interior,after,0.9910351390828026,0.0178855784431641,0.1542741989556027,0.08314344935741427
30,whole_forward_vs_independent,heldout_72,interior,after,0.9654085288422287,0.06854034211323883,0.2568076611820755,0.16271530937016532
30,whole_forward_vs_independent,extrapolated_outside_200,interior,after,0.9763865047107773,0.05824907683648906,0.15847495403498243,0.19333764081805047
30,whole_forward_vs_independent,full_K,interior,after,0.9824757866155085,0.03668335819183532,0.1574352737099935,0.1452635874569813
30,whole_reverse_vs_independent,input_128,interior,after,0.9999769631376935,4.607319391588059e-05,0.009145110885851992,0.004586039359572862
30,whole_reverse_vs_independent,embedded_200,interior,after,0.9948067774510909,0.010401357340779863,0.11868671663956332,0.06194759905231278
30,whole_reverse_vs_independent,heldout_72,interior,after,0.9795089643686891,0.04122494075680851,0.19743502132689617,0.123278691647444
30,whole_reverse_vs_independent,extrapolated_outside_200,interior,after,0.9765877166015097,0.052621744894235024,0.24910249000927454,0.1473143849829143
30,whole_reverse_vs_independent,full_K,interior,after,0.9857206537035735,0.029259855408650424,0.22374242349917806,0.10870507484732785
30,author_L4_forward_vs_reverse,input_128,interior,after,0.9936801949094531,0.012599670244711073,0.09045536257413915,0.07685930205710889
30,author_L4_forward_vs_reverse,embedded_200,interior,after,0.9954387894151362,0.00910519189087305,0.07862501041945558,0.06633580299306376
30,author_L4_forward_vs_reverse,heldout_72,interior,after,0.9983143353577285,0.003393266257502139,0.05124293413815307,0.044014792739411564
30,author_L4_forward_vs_reverse,extrapolated_outside_200,interior,after,0.9948305485795055,0.011136956331185846,0.1324061287549223,0.05930276843246284
30,author_L4_forward_vs_reverse,full_K,interior,after,0.9949359938306958,0.010443579054966958,0.12121885276129153,0.06179296229532201
30,author_L4_forward_vs_independent,input_128,interior,after,0.018801381359739435,0.9996465080589658,1.7779638522357444,0.9828574866874472
30,author_L4_forward_vs_independent,embedded_200,interior,after,0.02531816986178203,0.9994495006671584,1.7735778211189916,0.9846704368952908
30,author_L4_forward_vs_independent,heldout_72,interior,after,0.04267806263770384,0.9991274807668229,1.7657535322983933,0.9876266425229036
30,author_L4_forward_vs_independent,extrapolated_outside_200,interior,after,0.015556492123772159,1.0000517463179346,1.8212902792414103,0.9907158037065713
30,author_L4_forward_vs_independent,full_K,interior,after,0.01628295697902225,0.9998462188263295,1.8094801139652625,0.9886568652656728
30,author_L4_reverse_vs_independent,input_128,interior,after,0.014423183933190897,0.9997919717652293,1.7902200248980726,0.9868161758814841
30,author_L4_reverse_vs_independent,embedded_200,interior,after,0.02241779133254017,0.9995976807520713,1.7796856911828345,0.9882514163243027
30,author_L4_reverse_vs_independent,heldout_72,interior,after,0.042052374120704596,0.9992808800865647,1.7608023797338088,0.9905871839004231
30,author_L4_reverse_vs_independent,extrapolated_outside_200,interior,after,0.015544941633735,0.9999794160701639,1.820757922306576,0.9929105849951919
30,author_L4_reverse_vs_independent,full_K,interior,after,0.015897372181698455,0.9998488753363888,1.8105772142004468,0.9913197686646288
31,whole_forward_vs_reverse,input_128,interior,after,0.9999905613320276,1.8877246856225005e-05,0.005343397528461509,0.00298220939727145
31,whole_forward_vs_reverse,embedded_200,interior,after,0.994566347993075,0.010915672005237863,0.12168237052981758,0.06876033642883345
31,whole_forward_vs_reverse,heldout_72,interior,after,0.9761918402247092,0.04856281498712576,0.20267876940001514,0.14502374025281953
31,whole_forward_vs_reverse,extrapolated_outside_200,interior,after,0.9797590034568916,0.04162327994618271,0.270216039519133,0.1137853305310237
31,whole_forward_vs_reverse,full_K,interior,after,0.9891077996744377,0.022017556712230397,0.2417936740994131,0.08774671006779612
31,whole_forward_vs_independent,input_128,interior,after,0.9999595206955868,8.0956970252373e-05,0.013963543358325538,0.006092420115260974
31,whole_forward_vs_independent,embedded_200,interior,after,0.9890615382069191,0.021790844062263056,0.18415657965094812,0.10156274792256592
31,whole_forward_vs_independent,heldout_72,interior,after,0.9507338593308076,0.09679594800302532,0.30636243188392304,0.21406502989912646
31,whole_forward_vs_independent,extrapolated_outside_200,interior,after,0.9434495551068482,0.13921151873531426,0.40641151983713425,0.23236344171392417
31,whole_forward_vs_independent,full_K,interior,after,0.9697938558762631,0.06424256465686247,0.363807853199228,0.16157366966438902
31,whole_reverse_vs_independent,input_128,interior,after,0.9999284250544437,0.00014314476813996765,0.018308046699715252,0.008095708683145474
31,whole_reverse_vs_independent,embedded_200,interior,after,0.9856882367309835,0.028467840176364164,0.2026050518113857,0.11829946951532867
31,whole_reverse_vs_independent,heldout_72,interior,after,0.9366530508762663,0.12367100038735766,0.3367915976624143,0.24660248178870325
31,whole_reverse_vs_independent,extrapolated_outside_200,interior,after,0.9091860096493918,0.21981126853835944,0.6389278152894072,0.24045518609855301
31,whole_reverse_vs_independent,full_K,interior,after,0.9539897793862232,0.09742929326641817,0.5625244586840156,0.1725954898026568
31,author_L4_forward_vs_reverse,input_128,interior,after,0.9906672551320586,0.01857838960911276,0.12040595744979163,0.09649334815707038
31,author_L4_forward_vs_reverse,embedded_200,interior,after,0.9908908793789114,0.018163708128980167,0.12956100413096677,0.09163979664332957
31,author_L4_forward_vs_reverse,heldout_72,interior,after,0.9913824242115417,0.0173937012444094,0.1444106149357885,0.08186772552464255
31,author_L4_forward_vs_reverse,extrapolated_outside_200,interior,after,0.9882560728389973,0.028821771876598325,0.25931658048333395,0.08526311393679152
31,author_L4_forward_vs_reverse,full_K,interior,after,0.988675253104858,0.024897361980625192,0.23373132039380853,0.08766504269938086
31,author_L4_forward_vs_independent,input_128,interior,after,0.028681138174213663,0.9991773923130317,1.82429246679448,0.9746487186197507
31,author_L4_forward_vs_independent,embedded_200,interior,after,0.012930540814377679,1.0000969018301689,1.8107705580566242,0.9778211835227003
31,author_L4_forward_vs_independent,heldout_72,interior,after,0.040998984998131045,1.0018043054460664,1.7864789166796493,0.9836848800726169
31,author_L4_forward_vs_independent,extrapolated_outside_200,interior,after,0.020227996342348318,1.0004855114456612,1.8242773921562772,0.9852742364099225
31,author_L4_forward_vs_independent,full_K,interior,after,0.012873079961943486,1.0003424213444176,1.8209100763438473,0.9825365208068123
31,author_L4_reverse_vs_independent,input_128,interior,after,0.022609989300135844,0.9994887883838479,1.848694555532656,0.9799469092023676
31,author_L4_reverse_vs_independent,embedded_200,interior,after,0.006699465776515549,1.0002044994432764,1.836061744858801,0.9824527342454236
31,author_L4_reverse_vs_independent,heldout_72,interior,after,0.04196558752098115,1.0015393803788906,1.8133861303236394,0.987109381296569
31,author_L4_reverse_vs_independent,extrapolated_outside_200,interior,after,0.0209610153555209,1.0003717389321554,1.8247631788893983,0.9885285535645414
31,author_L4_reverse_vs_independent,full_K,interior,after,0.011834549237559179,1.0003112100931768,1.8275943688374598,0.9863338593456528
32,whole_forward_vs_reverse,input_128,interior,after,0.9999925716257355,1.4856693348243797e-05,0.004564885307413499,0.0027553506178424926
32,whole_forward_vs_reverse,embedded_200,interior,after,0.9938585034758417,0.012299121530847132,0.28539244856104545,0.0775400118300206
32,whole_forward_vs_reverse,heldout_72,interior,after,0.9567256017618321,0.0874546946168007,0.4756151375436291,0.20676172622999608
32,whole_forward_vs_reverse,extrapolated_outside_200,interior,after,0.8155472497030739,0.41245321726160405,1.787511825646544,0.38549472819571284
32,whole_forward_vs_reverse,full_K,interior,after,0.9673921717094003,0.06551726305144434,1.5545935505924362,0.15803980901929468
32,whole_forward_vs_independent,input_128,interior,after,0.9999494030299504,0.00010119138004573489,0.013718463750253984,0.007020858984273422
32,whole_forward_vs_independent,embedded_200,interior,after,0.9898606308739185,0.020618111289081247,0.3853002010525234,0.08863468683850907
32,whole_forward_vs_independent,heldout_72,interior,after,0.9351906614413907,0.14614136352434667,0.6419064472608312,0.23583571305409098
32,whole_forward_vs_independent,extrapolated_outside_200,interior,after,0.8711946030362269,0.29856618391185435,1.1256413326657972,0.34477675496154175
32,whole_forward_vs_independent,full_K,interior,after,0.9721235760593688,0.05758357040103463,0.9936877621199743,0.15040092075627673
32,whole_reverse_vs_independent,input_128,interior,after,0.9999523745888318,9.524855415654787e-05,0.014464372006158877,0.006888333052074388
32,whole_reverse_vs_independent,embedded_200,interior,after,0.9849823951976305,0.030488950738972287,0.5215926473637345,0.10509963065645057
32,whole_reverse_vs_independent,heldout_72,interior,after,0.901104569259158,0.22043246684913548,0.8691071252010566,0.28245399001677757
32,whole_reverse_vs_independent,extrapolated_outside_200,interior,after,0.7734935086583817,0.48152289251990366,1.6651967154612572,0.4253396108408445
32,whole_reverse_vs_independent,full_K,interior,after,0.955762016654907,0.08992784987299017,1.4654947281833521,0.18284347936822648
32,author_L4_forward_vs_reverse,input_128,interior,after,0.9665081179768061,0.06586205788493187,0.46667696064312725,0.1824891299135443
32,author_L4_forward_vs_reverse,embedded_200,interior,after,0.9737765191231471,0.05382859865641042,0.8322605893826727,0.1601220660896132
32,author_L4_forward_vs_reverse,heldout_72,interior,after,0.9840849929717254,0.04094787107303496,1.2397062396869192,0.13204661288497463
32,author_L4_forward_vs_reverse,extrapolated_outside_200,interior,after,0.9698257303074519,0.07016507062824907,1.4776065598123902,0.1748509447036967
32,author_L4_forward_vs_reverse,full_K,interior,after,0.9706259255259864,0.06508721844416301,1.3456059160691711,0.1704091871437264
32,author_L4_forward_vs_independent,input_128,interior,after,0.04746858298758245,0.997746733629151,1.7624669810511036,0.9617989957817913
32,author_L4_forward_vs_independent,embedded_200,interior,after,0.026618450438468604,0.9997795781889084,1.8186575528447169,0.972580821335711
32,author_L4_forward_vs_independent,heldout_72,interior,after,0.0685443505102517,1.0019555540655312,1.914484108469842,0.9839908881589422
32,author_L4_forward_vs_independent,extrapolated_outside_200,interior,after,0.03810055629198432,1.0008728098512776,1.806165862815305,0.993041056040354
32,author_L4_forward_vs_independent,full_K,interior,after,0.008469470472687759,1.0005330015503149,1.8092968707841453,0.9867268595977482
32,author_L4_reverse_vs_independent,input_128,interior,after,0.06063779352843199,0.9963230579960031,1.70537591491283,0.9510263900788013
32,author_L4_reverse_vs_independent,embedded_200,interior,after,0.03127522460796659,0.9994088315678994,1.7582594258435138,0.9635548496224986
32,author_L4_reverse_vs_independent,heldout_72,interior,after,0.05000295575638484,1.0030726163556969,1.8485427604693472,0.9782217422475867
32,author_L4_reverse_vs_independent,extrapolated_outside_200,interior,after,0.03958752368913055,1.0011876752603068,1.7913614244004803,0.9904353038637911
32,author_L4_reverse_vs_independent,full_K,interior,after,0.005376622482118218,1.0005959149875874,1.7831435350987532,0.9815748115400343
33,whole_forward_vs_reverse,input_128,interior,after,0.9999929968801872,1.4006190582000134e-05,0.004238310906576543,0.0027523012793374403
33,whole_forward_vs_reverse,embedded_200,interior,after,0.9956864842197274,0.008611846106073049,0.11186342721256026,0.05521478572217276
33,whole_forward_vs_reverse,heldout_72,interior,after,0.9818734994258606,0.03598657475631349,0.1863533818147188,0.11283282310327253
33,whole_forward_vs_reverse,extrapolated_outside_200,interior,after,0.978896118645371,0.04659077919582699,0.2671375955415028,0.15390000227656225
33,whole_forward_vs_reverse,full_K,interior,after,0.9885665876424725,0.023433600032869244,0.2380130832553257,0.10536764127300231
33,whole_forward_vs_independent,input_128,interior,after,0.9999355934674166,0.0001288089169655572,0.014438768353522289,0.007555125392077517
33,whole_forward_vs_independent,embedded_200,interior,after,0.9853566183348675,0.030203437722388073,0.1932950958058188,0.12548148270311513
33,whole_forward_vs_independent,heldout_72,interior,after,0.9443338325815862,0.12595827974053303,0.32158275296819877,0.2563131097724504
33,whole_forward_vs_independent,extrapolated_outside_200,interior,after,0.9689079620376814,0.07696885612235303,0.2024410387474629,0.2008837673884249
33,whole_forward_vs_independent,full_K,interior,after,0.9780066174197188,0.04845422750023326,0.2001937290289309,0.15921510601517716
33,whole_reverse_vs_independent,input_128,interior,after,0.9999340100159072,0.00013197561350768955,0.014257594592170722,0.007933890061747464
33,whole_reverse_vs_independent,embedded_200,interior,after,0.9872983691279039,0.026639008129211755,0.1663425752261909,0.12213159533351442
33,whole_reverse_vs_independent,heldout_72,interior,after,0.9526275944459766,0.1152192087434615,0.27658509726567165,0.25407070410033944
33,whole_reverse_vs_independent,extrapolated_outside_200,interior,after,0.9638408457285719,0.12682190144247676,0.1844725172440965,0.29909830499230083
33,whole_reverse_vs_independent,full_K,interior,after,0.9753566438580179,0.06159515835701428,0.18011120258607005,0.20230213312007467
33,author_L4_forward_vs_reverse,input_128,interior,after,0.9882108283314504,0.023439358768468574,0.12099433352985794,0.10157794755591561
33,author_L4_forward_vs_reverse,embedded_200,interior,after,0.9896516000399855,0.020596701076809783,0.11412303769043203,0.10411981649826406
33,author_L4_forward_vs_reverse,heldout_72,interior,after,0.9922105273504943,0.015571910992660391,0.10075693157900252,0.10846731176614806
33,author_L4_forward_vs_reverse,extrapolated_outside_200,interior,after,0.9843928318144718,0.03281549856415464,0.2577549521993561,0.12318338416037991
33,author_L4_forward_vs_reverse,full_K,interior,after,0.9860846023473533,0.02833986437379666,0.230400148590213,0.11656299074475421
33,author_L4_forward_vs_independent,input_128,interior,after,0.049523185896147896,0.9975474540586958,1.7837891658776572,0.9562284391708602
33,author_L4_forward_vs_independent,embedded_200,interior,after,0.028546660180045064,0.9996850799929564,1.7817471400461666,0.9602538765538452
33,author_L4_forward_vs_independent,heldout_72,interior,after,0.041463111579416505,1.0034636290703263,1.7781110815109142,0.9673284184127491
33,author_L4_forward_vs_independent,extrapolated_outside_200,interior,after,0.025208181605673414,1.0024232380250013,1.8316252014239447,0.9736031442865285
33,author_L4_forward_vs_independent,full_K,interior,after,0.005755051877647204,1.0014202756860713,1.8192838911599676,0.9687347792915111
33,author_L4_reverse_vs_independent,input_128,interior,after,0.04796903589613769,0.997698971595195,1.7786598156990499,0.957742146353778
33,author_L4_reverse_vs_independent,embedded_200,interior,after,0.02685700902391878,0.9997977411832173,1.7834398598343388,0.9621485486187001
33,author_L4_reverse_vs_independent,heldout_72,interior,after,0.043265472749548346,1.0035179449749145,1.7919062320900025,0.9699099891376094
33,author_L4_reverse_vs_independent,extrapolated_outside_200,interior,after,0.025899791337937256,1.0023698386026616,1.826894449341156,0.9754289770163734
33,author_L4_reverse_vs_independent,full_K,interior,after,0.004908099780774211,1.0014254595589238,1.8161282802122283,0.9705740064774335
34,whole_forward_vs_reverse,input_128,interior,after,0.9999894771366356,2.1045615998017012e-05,0.004440640945966859,0.003091509800638356
34,whole_forward_vs_reverse,embedded_200,interior,after,0.9952339058006582,0.009691297747253433,0.13197763397639586,0.060134311106900304
34,whole_forward_vs_reverse,heldout_72,interior,after,0.9811370617154674,0.040891148428152495,0.21988302144499272,0.12350022226914767
34,whole_forward_vs_reverse,extrapolated_outside_200,interior,after,0.8892216347159226,0.23193657696184522,0.9205439571518079,0.2909067151888091
34,whole_forward_vs_reverse,full_K,interior,after,0.9566374778744422,0.08661316982652749,0.7999408770365682,0.17791827150284512
34,whole_forward_vs_independent,input_128,interior,after,0.9999358292646884,0.00012833735273980561,0.010495771348808976,0.007829616185369271
34,whole_forward_vs_independent,embedded_200,interior,after,0.9914657756237264,0.017259434833049,0.21698081847637038,0.08440829922926991
34,whole_forward_vs_independent,heldout_72,interior,after,0.9653871643187077,0.07253076345312134,0.3613638225463187,0.1729569858918296
34,whole_forward_vs_independent,extrapolated_outside_200,interior,after,0.9125009963798324,0.19216697544110334,0.5028557982030508,0.35297370161784536
34,whole_forward_vs_independent,full_K,interior,after,0.9609508063110532,0.0777971232460492,0.4487963170932772,0.21858888412887606
34,whole_reverse_vs_independent,input_128,interior,after,0.9999493625256072,0.00010127238463196883,0.009908635571384713,0.006874104223383382
34,whole_reverse_vs_independent,embedded_200,interior,after,0.9898297441889574,0.02116465150496894,0.2561823251542579,0.0961955459549804
34,whole_reverse_vs_independent,heldout_72,interior,after,0.9594537267726777,0.09661357693995502,0.42676609467714854,0.2055008835777865
34,whole_reverse_vs_independent,extrapolated_outside_200,interior,after,0.9169015330411273,0.1643553355267854,0.7490553235607454,0.24185698267629738
34,whole_reverse_vs_independent,full_K,interior,after,0.9717600739374913,0.05726410594703076,0.6612263260385056,0.14719940997640063
34,author_L4_forward_vs_reverse,input_128,interior,after,0.9705662477358636,0.05800115875592622,0.260035875888707,0.11796366108735239
34,author_L4_forward_vs_reverse,embedded_200,interior,after,0.9640104927568486,0.07169890710879559,0.3347293938260496,0.10222700465213173
34,author_L4_forward_vs_reverse,heldout_72,interior,after,0.9557550839927432,0.09338085021090811,0.43706034026481366,0.07046676997112744
34,author_L4_forward_vs_reverse,extrapolated_outside_200,interior,after,0.906329710589445,0.2690495181017653,1.1256306764891466,0.21144550686876
34,author_L4_forward_vs_reverse,full_K,interior,after,0.9149472502169296,0.2081028961895406,0.989087587963194,0.18474102648112087
34,author_L4_forward_vs_independent,input_128,interior,after,0.008223123063360224,0.999932380247085,1.7507312067294543,0.9926837908573121
34,author_L4_forward_vs_independent,embedded_200,interior,after,0.0048105289705315905,0.9999836824072287,1.7695489767771888,0.9936282806540742
34,author_L4_forward_vs_independent,heldout_72,interior,after,0.0025084848711253533,1.0000648877621967,1.8025177884425985,0.9951214657018697
34,author_L4_forward_vs_independent,extrapolated_outside_200,interior,after,0.009793541959195979,1.0000259843450356,1.8112000573543705,0.9978721668440111
34,author_L4_forward_vs_independent,full_K,interior,after,0.003863284543960431,1.0000129204877886,1.8008776002615101,0.996563481397844
34,author_L4_reverse_vs_independent,input_128,interior,after,0.018672821126541513,0.9996513257511762,1.736553471549207,0.9833697417706111
34,author_L4_reverse_vs_independent,embedded_200,interior,after,0.00782492417056346,1.0000214245856025,1.7697640664943448,0.9855322140087835
34,author_L4_reverse_vs_independent,heldout_72,interior,after,0.015934231596028425,1.0006180260379776,1.8273153934292472,0.9890081774323561
34,author_L4_reverse_vs_independent,extrapolated_outside_200,interior,after,0.008989331073882377,1.0001374871573303,1.8088619734468998,0.9946570351185096
34,author_L4_reverse_vs_independent,full_K,interior,after,0.0027706779191835024,1.0000973477533872,1.799167152323627,0.9915107806408721
35,whole_forward_vs_reverse,input_128,interior,after,0.9999925552299784,1.4889484618447313e-05,0.004442952785513452,0.002876772318157139
35,whole_forward_vs_reverse,embedded_200,interior,after,0.9951535860159774,0.009709276251138132,0.09775513725017135,0.07186312211708011
35,whole_forward_vs_reverse,heldout_72,interior,after,0.9803534878547185,0.03961828696878044,0.16281749639762888,0.14516074049073396
35,whole_forward_vs_reverse,extrapolated_outside_200,interior,after,0.9847263503886797,0.04179492753280874,0.144286225925141,0.182163825455235
35,whole_forward_vs_reverse,full_K,interior,after,0.9895123219801857,0.02273099427532498,0.13417489690136,0.12859140420094087
35,whole_forward_vs_independent,input_128,interior,after,0.9999453695284407,0.00010925795863022137,0.01712804500671498,0.007317523717716296
35,whole_forward_vs_independent,embedded_200,interior,after,0.9898651646658323,0.02147873007754281,0.15594954717003887,0.10103738085215566
35,whole_forward_vs_independent,heldout_72,interior,after,0.9652899194645496,0.08740758004278598,0.25891066944056884,0.2038103548880885
35,whole_forward_vs_independent,extrapolated_outside_200,interior,after,0.9630725656435506,0.10015911533690712,0.3214973055890353,0.21249956468608883
35,whole_forward_vs_independent,full_K,interior,after,0.9769810044353375,0.05341056720584571,0.2891374300248797,0.15617853588703087
35,whole_reverse_vs_independent,input_128,interior,after,0.9999445526329854,0.00011089165961860693,0.015774486363690516,0.007468818723500163
35,whole_reverse_vs_independent,embedded_200,interior,after,0.9887979216349303,0.024377956066388304,0.16649402510700048,0.10954272662759175
35,whole_reverse_vs_independent,heldout_72,interior,after,0.9627419233540961,0.10590502390872948,0.27669179789225784,0.228310773538642
35,whole_reverse_vs_independent,extrapolated_outside_200,interior,after,0.9588360562006065,0.18219974388192284,0.24369051031754238,0.37284235532596555
35,whole_reverse_vs_independent,full_K,interior,after,0.9715582207068025,0.07967727699052077,0.22686750254983812,0.23770442685748408
35,author_L4_forward_vs_reverse,input_128,interior,after,0.9836668274206558,0.03239957263218196,0.1387372972471422,0.12447255974145024
35,author_L4_forward_vs_reverse,embedded_200,interior,after,0.9841260093518295,0.03152826449237051,0.1425612938671884,0.12645568873177498
35,author_L4_forward_vs_reverse,heldout_72,interior,after,0.9851769285711561,0.029731868568906247,0.14911757492667058,0.13044923191943353
35,author_L4_forward_vs_reverse,extrapolated_outside_200,interior,after,0.9725527686429828,0.05907237530988076,0.36148202543817154,0.14360131098995133
35,author_L4_forward_vs_reverse,full_K,interior,after,0.9763390556266305,0.04844558578257471,0.3210652140351456,0.1372403837663993
35,author_L4_forward_vs_independent,input_128,interior,after,0.04115489523432423,0.9983062745982515,1.7601966622147558,0.9625586534487726
35,author_L4_forward_vs_independent,embedded_200,interior,after,0.03058935143714099,0.9998345037569714,1.7894705127260735,0.963979493447066
35,author_L4_forward_vs_independent,heldout_72,interior,after,0.07389385153922567,1.0029852887725197,1.8403635287974867,0.9669022819706012
35,author_L4_forward_vs_independent,extrapolated_outside_200,interior,after,0.014160915488341213,1.001447650088959,1.8168294222754162,0.9739909336007788
35,author_L4_forward_vs_independent,full_K,interior,after,0.006677082577060776,1.0008252823291013,1.8100284641997335,0.9701406620104441
35,author_L4_reverse_vs_independent,input_128,interior,after,0.04105141630610084,0.998314781219263,1.7610542076699525,0.9627114393831062
35,author_L4_reverse_vs_independent,embedded_200,interior,after,0.025656988638533846,1.0007192505680127,1.7991251968967343,0.9639738736902217
35,author_L4_reverse_vs_independent,heldout_72,interior,after,0.09749149739763507,1.0057490239317497,1.8648889182017463,0.966609356676505
35,author_L4_reverse_vs_independent,extrapolated_outside_200,interior,after,0.014142293988006375,1.0010339145061236,1.82778129695567,0.9731991869685135
35,author_L4_reverse_vs_independent,full_K,interior,after,0.005108881343076837,1.000908438863696,1.8206595564939898,0.9695310165347063
36,whole_forward_vs_reverse,input_128,interior,after,0.9999933910119776,1.3217932366336212e-05,0.005804627652719928,0.0025888903474931596
36,whole_forward_vs_reverse,embedded_200,interior,after,0.9958243885600537,0.008385823671217046,0.09318503068286521,0.06736881901414166
36,whole_forward_vs_reverse,heldout_72,interior,after,0.9821923424988849,0.03627921197440764,0.15511542274103707,0.14013016239964474
36,whole_forward_vs_reverse,extrapolated_outside_200,interior,after,0.9741912444025261,0.06749537361805284,0.15871706865123725,0.21189883455746547
36,whole_forward_vs_reverse,full_K,interior,after,0.9873834734438677,0.0265310773341837,0.14513508671845277,0.13011119130336876
36,whole_forward_vs_independent,input_128,interior,after,0.9999360626804688,0.00012787055108162769,0.026915268997115365,0.008081817047565639
36,whole_forward_vs_independent,embedded_200,interior,after,0.9884919087310451,0.023764243663190483,0.1939767075765545,0.09425328172415023
36,whole_forward_vs_independent,heldout_72,interior,after,0.9552364806500091,0.10250896828767114,0.32129653485232645,0.19560705596613417
36,whole_forward_vs_independent,extrapolated_outside_200,interior,after,0.9146225876588936,0.17757605745823365,0.4696576069046303,0.27950429906136226
36,whole_forward_vs_independent,full_K,interior,after,0.9655097243461588,0.07098088429371952,0.41813926096827864,0.17360423727583707
36,whole_reverse_vs_independent,input_128,interior,after,0.9999300135904297,0.00013996792104303642,0.022619249653704387,0.00833930189879739
36,whole_reverse_vs_independent,embedded_200,interior,after,0.9896302017353118,0.02140513930264772,0.17280738704839654,0.0999149634009313
36,whole_reverse_vs_independent,heldout_72,interior,after,0.9594409280045139,0.09269391679178984,0.2864289204408142,0.2078860212897558
36,whole_reverse_vs_independent,extrapolated_outside_200,interior,after,0.9327723588605361,0.17251447116165664,0.4671984086922025,0.2985039934329831
36,whole_reverse_vs_independent,full_K,interior,after,0.9724543390843463,0.06027662192216174,0.41372861040544234,0.17417322102593666
36,author_L4_forward_vs_reverse,input_128,interior,after,0.934682650918957,0.12636834207111108,0.3787824626608994,0.25001684154922804
36,author_L4_forward_vs_reverse,embedded_200,interior,after,0.95486452949431,0.08827871324666038,0.37941590386113416,0.20558266191716273
36,author_L4_forward_vs_reverse,heldout_72,interior,after,0.9821149806067363,0.03569282411265237,0.3805394180571903,0.1196471841552051
36,author_L4_forward_vs_reverse,extrapolated_outside_200,interior,after,0.979113075326815,0.04761250916789132,0.3463508608259293,0.15486200409962778
36,author_L4_forward_vs_reverse,full_K,interior,after,0.9713315262589727,0.059804475469205316,0.3549060384409331,0.1716487349933009
36,author_L4_forward_vs_independent,input_128,interior,after,0.03282206854032996,0.9989227118167339,1.7699106774512248,0.9715311398336766
36,author_L4_forward_vs_independent,embedded_200,interior,after,0.01449236663792771,1.0001592497957823,1.7968579095572215,0.9764877991103597
36,author_L4_forward_vs_independent,heldout_72,interior,after,0.03984729294537239,1.0018663929495244,1.843791919447077,0.9832898194851868
36,author_L4_forward_vs_independent,extrapolated_outside_200,interior,after,0.03288140873145659,1.0001027073125994,1.813980680162,0.9911593417923755
36,author_L4_forward_vs_independent,full_K,interior,after,0.012891548444693798,1.0001196590804167,1.8097151758730796,0.9867836235079945
36,author_L4_reverse_vs_independent,input_128,interior,after,0.027739412767670904,0.9992305249793046,1.8207353287201535,0.9754768192858473
36,author_L4_reverse_vs_independent,embedded_200,interior,after,0.009757776713227587,1.0001604464917535,1.8277831306924786,0.98042994110417
36,author_L4_reverse_vs_independent,heldout_72,interior,after,0.030636559662718946,1.0013377555697054,1.8402459112576646,0.9866650783347761
36,author_L4_reverse_vs_independent,extrapolated_outside_200,interior,after,0.03202475962349913,0.9997830260028686,1.8274684024407644,0.9926597761835213
36,author_L4_reverse_vs_independent,full_K,interior,after,0.018625032877971247,0.9998974520517983,1.827547089584985,0.9889679197872209
37,whole_forward_vs_reverse,input_128,interior,after,0.9999891214165986,2.1757048459217337e-05,0.005112925054185729,0.0033813951686225236
37,whole_forward_vs_reverse,embedded_200,interior,after,0.9889758768907576,0.022309207831258587,0.18690231591478426,0.11521772298688761
37,whole_forward_vs_reverse,heldout_72,interior,after,0.9439150492389776,0.1192366579153919,0.311429253659816,0.26638038618260124
37,whole_forward_vs_reverse,extrapolated_outside_200,interior,after,0.8922995903136038,0.22690057347542544,0.7249072238992131,0.3108551299442487
37,whole_forward_vs_reverse,full_K,interior,after,0.9694643210966117,0.06226639970056574,0.6347054288168058,0.1719148395961828
37,whole_forward_vs_independent,input_128,interior,after,0.9999196112774799,0.00016077098269318585,0.017848750096020057,0.008791815183943516
37,whole_forward_vs_independent,embedded_200,interior,after,0.9841598302010544,0.03159061043461502,0.3032503743684133,0.09861173190991636
37,whole_forward_vs_independent,heldout_72,interior,after,0.9145972086839802,0.16827803262197386,0.504856689542766,0.22732947022435757
37,whole_forward_vs_independent,extrapolated_outside_200,interior,after,0.6403863989075029,0.6285002847361283,1.7628748095748465,0.4350268730561391
37,whole_forward_vs_independent,full_K,interior,after,0.9239717066983352,0.14816852323956436,1.5342052969090576,0.21162648419832522
37,whole_reverse_vs_independent,input_128,interior,after,0.9999467078285311,0.00010658150288209229,0.014597811377572795,0.007093241351749564
37,whole_reverse_vs_independent,embedded_200,interior,after,0.9849619924856791,0.029859194892908683,0.32111536573085114,0.1056481060220209
37,whole_reverse_vs_independent,heldout_72,interior,after,0.9228440467941957,0.14861607790916326,0.5348382325691484,0.23560912230105932
37,whole_reverse_vs_independent,extrapolated_outside_200,interior,after,0.6836154950054285,0.5503928055475896,1.5572757955297378,0.4207374332206072
37,whole_reverse_vs_independent,full_K,interior,after,0.9291897155347438,0.13724540687297937,1.3581640906143109,0.21302151191102695
37,author_L4_forward_vs_reverse,input_128,interior,after,0.8813427186048538,0.2232350123622055,0.5026919871761883,0.38754110876038655
37,author_L4_forward_vs_reverse,embedded_200,interior,after,0.9296011885795213,0.14148411231999886,0.5131863430915756,0.31117325387181766
37,author_L4_forward_vs_reverse,heldout_72,interior,after,0.9803098056899203,0.062020104700340986,0.5313314329591995,0.21204279207474858
37,author_L4_forward_vs_reverse,extrapolated_outside_200,interior,after,0.9781108255601436,0.062045039434658555,0.2533436492339681,0.19564129210563164
37,author_L4_forward_vs_reverse,full_K,interior,after,0.9648462793446811,0.08349225341838494,0.33760525638578853,0.23255948898944756
37,author_L4_forward_vs_independent,input_128,interior,after,0.06077768223041151,0.996306073342699,1.7547904838901465,0.953306917201873
37,author_L4_forward_vs_independent,embedded_200,interior,after,0.011472051500173589,1.0015803638834668,1.8043370285211697,0.9686092893662853
37,author_L4_forward_vs_independent,heldout_72,interior,after,0.10934368594821631,1.00670711188873,1.8892140792371983,0.9832553702968146
37,author_L4_forward_vs_independent,extrapolated_outside_200,interior,after,0.05527212888502163,0.9989872296391569,1.7887517406773739,0.992424161177109
37,author_L4_forward_vs_independent,full_K,interior,after,0.023132135424398702,0.9996873322839415,1.7926607655815425,0.9860512287250924
37,author_L4_reverse_vs_independent,input_128,interior,after,0.03899391087625774,0.9984794749145743,1.7642155271091142,0.96793861549561
37,author_L4_reverse_vs_independent,embedded_200,interior,after,0.012681338917264915,1.00168627292004,1.836867630908403,0.9777759025318662
37,author_L4_reverse_vs_independent,heldout_72,interior,after,0.12655194762878544,1.0051158975436136,1.9593866534507958,0.9881883740097156
37,author_L4_reverse_vs_independent,extrapolated_outside_200,interior,after,0.05180451721251395,0.9994916269951958,1.7894867158176753,0.9949334356868834
37,author_L4_reverse_vs_independent,full_K,interior,after,0.011516400272031954,1.000086627022972,1.801448778882072,0.9903111535647883
38,whole_forward_vs_reverse,input_128,interior,after,0.9999921042181377,1.579150138144512e-05,0.005417510607713232,0.0028312693317546316
38,whole_forward_vs_reverse,embedded_200,interior,after,0.9946854330008346,0.010644416751452756,0.27219369892911494,0.06845009811140977
38,whole_forward_vs_reverse,heldout_72,interior,after,0.9791857217241586,0.041915348405061524,0.4535986543041579,0.13581970956159212
38,whole_forward_vs_reverse,extrapolated_outside_200,interior,after,0.9332320873781853,0.13397368430073414,1.0928843187878607,0.18466446211738036
38,whole_forward_vs_reverse,full_K,interior,after,0.980922126037292,0.03792078398044223,0.9562005297653223,0.10578830322065212
38,whole_forward_vs_independent,input_128,interior,after,0.999975650064691,4.8699277698468146e-05,0.009384190747812788,0.004742478805883896
38,whole_forward_vs_independent,embedded_200,interior,after,0.9938607434074458,0.012809028386331535,0.28950726666604454,0.07166779159817924
38,whole_forward_vs_independent,heldout_72,interior,after,0.9786613833213005,0.05035173687828273,0.4823498531765834,0.14206247309009531
38,whole_forward_vs_independent,extrapolated_outside_200,interior,after,0.9537351800807247,0.1000199443813921,0.9195366780808008,0.2108216443339767
38,whole_forward_vs_independent,full_K,interior,after,0.9846564473465039,0.03209720724547603,0.8093913707935221,0.1176020240654282
38,whole_reverse_vs_independent,input_128,interior,after,0.9999734174994767,5.3164294417416846e-05,0.008232494979176169,0.005264273100111756
38,whole_reverse_vs_independent,embedded_200,interior,after,0.9936002269652932,0.013997980625158576,0.17424882060105348,0.08406016978716425
38,whole_reverse_vs_independent,heldout_72,interior,after,0.9799529601275722,0.05856802561570693,0.29020718718493715,0.17193619338073635
38,whole_reverse_vs_independent,extrapolated_outside_200,interior,after,0.9188819295205419,0.17226316063430694,1.3648756287669461,0.224844193998599
38,whole_reverse_vs_independent,full_K,interior,after,0.9765042457662464,0.04959891673745884,1.185223512410925,0.12980251660308115
38,author_L4_forward_vs_reverse,input_128,interior,after,0.9625698745654524,0.07345923657904943,0.4230522297145069,0.16941862874148236
38,author_L4_forward_vs_reverse,embedded_200,interior,after,0.9689477894800984,0.06534216291729551,0.46363338262978154,0.1462155001586046
38,author_L4_forward_vs_reverse,heldout_72,interior,after,0.9831025211764336,0.05427851970068837,0.5281336964733752,0.10675535384431614
38,author_L4_forward_vs_reverse,extrapolated_outside_200,interior,after,0.9863834597019034,0.07361751201304118,0.628972806458838,0.12717088533650478
38,author_L4_forward_vs_reverse,full_K,interior,after,0.9804650767111756,0.07164883825424419,0.5919831685282222,0.13195093619639414
38,author_L4_forward_vs_independent,input_128,interior,after,0.06413291783141531,0.9958869688504293,1.7401035308445834,0.948076984154651
38,author_L4_forward_vs_independent,embedded_200,interior,after,0.08271172563723028,0.9949438268342193,1.755614153906069,0.9572766206430388
38,author_L4_forward_vs_independent,heldout_72,interior,after,0.147143459221309,0.9936583159216963,1.782855439579954,0.9696752608670033
38,author_L4_forward_vs_independent,extrapolated_outside_200,interior,after,0.030743216208465117,0.999274609156075,1.8176207171829861,0.9902898325933344
38,author_L4_forward_vs_independent,full_K,interior,after,0.048083807406229466,0.9982443326791007,1.8023190805177716,0.982536675215552
38,author_L4_reverse_vs_independent,input_128,interior,after,0.07109284036625362,0.9949458080486584,1.7596562711505221,0.942222423812702
38,author_L4_reverse_vs_independent,embedded_200,interior,after,0.08319752644648902,0.9947261380064661,1.7752840698361987,0.9557210377423752
38,author_L4_reverse_vs_independent,heldout_72,interior,after,0.13425582402894137,0.9944863258019594,1.8027323439023415,0.9702429806854668
38,author_L4_reverse_vs_independent,extrapolated_outside_200,interior,after,0.030048295742279654,0.9993820171531644,1.7857642558745994,0.9904368763065838
38,author_L4_reverse_vs_independent,full_K,interior,after,0.04646174099486136,0.9983918912844302,1.7831499839674352,0.9831567870611444
39,whole_forward_vs_reverse,input_128,interior,after,0.9999873494449258,2.5300950111582856e-05,0.006208494422752909,0.003540586795861002
39,whole_forward_vs_reverse,embedded_200,interior,after,0.9873869300509283,0.025181459573933418,0.27092705585965127,0.11804512145414708
39,whole_forward_vs_reverse,heldout_72,interior,after,0.9177501021729549,0.16264247490417083,0.4514692081873122,0.30001563943342036
39,whole_forward_vs_reverse,extrapolated_outside_200,interior,after,0.8634443622907119,0.29460336505905155,0.9180834186019764,0.3334844903461213
39,whole_forward_vs_reverse,full_K,interior,after,0.9686627832147411,0.06302276419220026,0.8065409103282446,0.16612525829179603
39,whole_forward_vs_independent,input_128,interior,after,0.9999579621594823,8.407391385570585e-05,0.01232035578695768,0.00620209176235631
39,whole_forward_vs_independent,embedded_200,interior,after,0.9865237210331991,0.027587412531413016,0.40287444670571904,0.10687005329153507
39,whole_forward_vs_independent,heldout_72,interior,after,0.9227809560296028,0.17787414381957756,0.6712564368856283,0.2713301049240623
39,whole_forward_vs_independent,extrapolated_outside_200,interior,after,0.8721445610954466,0.4442431541273277,0.5466957353638839,0.4990674746457023
39,whole_forward_vs_independent,full_K,interior,after,0.961460395627354,0.0861082548151589,0.5145232018586754,0.2116592280735369
39,whole_reverse_vs_independent,input_128,interior,after,0.999944243072757,0.00011151074565126767,0.01433727478174495,0.006993069364048414
39,whole_reverse_vs_independent,embedded_200,interior,after,0.9858567594843756,0.029112095093066982,0.4180001430417144,0.11018141480398463
39,whole_reverse_vs_independent,heldout_72,interior,after,0.9194322602705461,0.19255529751724904,0.6964045815154727,0.2833431602592185
39,whole_reverse_vs_independent,extrapolated_outside_200,interior,after,0.8196914769041506,0.5361417260848619,1.0253147716860844,0.48318617345035414
39,whole_reverse_vs_independent,full_K,interior,after,0.9518713918836395,0.10560664914119015,0.9122136896988494,0.21338088279434714
39,author_L4_forward_vs_reverse,input_128,interior,after,0.9256374401997912,0.1431953293003779,0.4697507255701286,0.2758006793395998
39,author_L4_forward_vs_reverse,embedded_200,interior,after,0.9481172455372145,0.1028689626744797,0.4536912410624248,0.22198139177636994
39,author_L4_forward_vs_reverse,heldout_72,interior,after,0.9810792054266111,0.04718517971884578,0.4236405248478799,0.11082856116254974
39,author_L4_forward_vs_reverse,extrapolated_outside_200,interior,after,0.9747340182732049,0.07224155399886725,0.8872691195063507,0.14590163289767308
39,author_L4_forward_vs_reverse,full_K,interior,after,0.9673103084368595,0.07968152616921391,0.8011827527951233,0.16758939859342928
39,author_L4_forward_vs_independent,input_128,interior,after,0.020583295925375222,0.9995763279288485,1.844075026640206,0.9848465405635484
39,author_L4_forward_vs_independent,embedded_200,interior,after,0.03419175166329064,0.9993088305649369,1.840199119703631,0.9881009262755497
39,author_L4_forward_vs_independent,heldout_72,interior,after,0.08601384782837386,0.9989394626699452,1.8332883855672277,0.9925771346231056
39,author_L4_forward_vs_independent,extrapolated_outside_200,interior,after,0.02135833053949266,1.0000884163594361,1.8446331138175236,0.9964834444076476
39,author_L4_forward_vs_independent,full_K,interior,after,0.010057796750908118,0.9998990403440866,1.8435256150874617,0.9944536708854631
39,author_L4_reverse_vs_independent,input_128,interior,after,0.018128219117651403,0.9996713676716226,1.8453916788902347,0.9860969494582726
39,author_L4_reverse_vs_independent,embedded_200,interior,after,0.038154989676379314,0.9992452794347719,1.8503894223861528,0.9894908150118048
39,author_L4_reverse_vs_independent,heldout_72,interior,after,0.10079503839293591,0.9987042405882617,1.8592411291135509,0.9937835794804892
39,author_L4_reverse_vs_independent,extrapolated_outside_200,interior,after,0.014663976623526382,1.0000057910312687,1.8097169209350095,0.9970278745706493
39,author_L4_reverse_vs_independent,full_K,interior,after,0.014648573021397887,0.9998313388752758,1.8199702618610305,0.9953040089131002
40,whole_forward_vs_reverse,input_128,interior,after,0.9999895591695519,2.088155188521452e-05,0.005094338986598204,0.0033188905981119125
40,whole_forward_vs_reverse,embedded_200,interior,after,0.9955635300499974,0.008934994824209534,0.0898094858209478,0.06624742581520385
40,whole_forward_vs_reverse,heldout_72,interior,after,0.9820416942559397,0.03695963954379659,0.14952827935812368,0.13472779385289982
40,whole_forward_vs_reverse,extrapolated_outside_200,interior,after,0.9897122363841788,0.027451129557239204,0.10300679504005318,0.13038312356041734
40,whole_forward_vs_reverse,full_K,interior,after,0.9926877047961034,0.016087331001251814,0.09987109593958304,0.09622921067248295
40,whole_forward_vs_independent,input_128,interior,after,0.9999388936708007,0.00012220892441506777,0.014472797545898489,0.006934531366655441
40,whole_forward_vs_independent,embedded_200,interior,after,0.9896901600065648,0.021568986968516342,0.17129705038608894,0.10382209779557651
40,whole_forward_vs_independent,heldout_72,interior,after,0.9627994371710573,0.08899446348022101,0.28484217791485167,0.21098698118877338
40,whole_forward_vs_independent,extrapolated_outside_200,interior,after,0.9681485217786653,0.1425238413068405,0.1959436200336512,0.32777493464281865
40,whole_forward_vs_independent,full_K,interior,after,0.9754004214546491,0.06829092936882009,0.19008181538922256,0.2193523241456056
40,whole_reverse_vs_independent,input_128,interior,after,0.9999419792281459,0.00011603817729844963,0.01619305380153865,0.006684852099981301
40,whole_reverse_vs_independent,embedded_200,interior,after,0.9902364316312103,0.02017723402057451,0.1722138424559083,0.09579996752519213
40,whole_reverse_vs_independent,heldout_72,interior,after,0.9643558425695501,0.08099467807759834,0.2862098586066986,0.1920027065050369
40,whole_reverse_vs_independent,extrapolated_outside_200,interior,after,0.9768936478632382,0.08133243607333247,0.1526339688230921,0.23848862761126371
40,whole_reverse_vs_independent,full_K,interior,after,0.9819675433810602,0.04568101712576885,0.15775692762086105,0.17049869930687442
40,author_L4_forward_vs_reverse,input_128,interior,after,0.9867283107649835,0.02636724073488244,0.14124883343978611,0.11177481652912663
40,author_L4_forward_vs_reverse,embedded_200,interior,after,0.9898976910120216,0.020108606405766994,0.12238487422745893,0.09888328615880651
40,author_L4_forward_vs_reverse,heldout_72,interior,after,0.9962587789028197,0.007522948227186421,0.07833809121874412,0.0657024999132767
40,author_L4_forward_vs_reverse,extrapolated_outside_200,interior,after,0.9939545084279481,0.012287832765447152,0.07384596488430695,0.08824828114254676
40,author_L4_forward_vs_reverse,full_K,interior,after,0.9925515766647498,0.01494448752426743,0.08851233957583798,0.09199888937067763
40,author_L4_forward_vs_independent,input_128,interior,after,0.050366013613803017,0.9974632646726544,1.8072472539537092,0.9545806878650402
40,author_L4_forward_vs_independent,embedded_200,interior,after,0.02627609950021115,1.00029425463952,1.8358258417012494,0.9567981385172506
40,author_L4_forward_vs_independent,heldout_72,interior,after,0.06958475862776718,1.0059871694443059,1.8855630115780322,0.9612417844394128
40,author_L4_forward_vs_independent,extrapolated_outside_200,interior,after,0.004920440823757869,1.0014090589302544,1.8032557320211378,0.9703277101425347
40,author_L4_forward_vs_independent,full_K,interior,after,0.008254390117876232,1.00103036875709,1.8114531615707987,0.9657530793284652
40,author_L4_reverse_vs_independent,input_128,interior,after,0.05810083522852385,0.9966242929457478,1.7903747626175193,0.9473413510967186
40,author_L4_reverse_vs_independent,embedded_200,interior,after,0.02634721942548787,1.000432583794151,1.8238514162176784,0.9498932686402596
40,author_L4_reverse_vs_independent,heldout_72,interior,after,0.06554244958622818,1.0080280142428693,1.8818956477474444,0.9549625669404218
40,author_L4_reverse_vs_independent,extrapolated_outside_200,interior,after,0.004346788544521273,1.0016757285419642,1.7974881492125008,0.9658298967273804
40,author_L4_reverse_vs_independent,full_K,interior,after,0.008641013925529857,1.001262586582013,1.8041150828118875,0.960562913372551
41,whole_forward_vs_reverse,input_128,interior,after,0.9999892000692386,2.159974488445866e-05,0.005714464470120953,0.003010236486156566
41,whole_forward_vs_reverse,embedded_200,interior,after,0.9899099389567239,0.020904364759712822,0.1492505272894679,0.09990409750494589
41,whole_forward_vs_reverse,heldout_72,interior,after,0.9584981201141156,0.0971438408465047,0.24863416135575592,0.21537427851815438
41,whole_forward_vs_reverse,extrapolated_outside_200,interior,after,0.8938225007233944,0.24617324804863344,1.2236785152372234,0.2870756453053386
41,whole_forward_vs_reverse,full_K,interior,after,0.968490900272302,0.06670697837726373,1.0623609374708427,0.1571875462674298
41,whole_forward_vs_independent,input_128,interior,after,0.9999423310672166,0.0001153345398607708,0.05112084341759911,0.007244299322255554
41,whole_forward_vs_independent,embedded_200,interior,after,0.9847993304475142,0.03347885312729626,0.23638475077982266,0.1281139491696864
41,whole_forward_vs_independent,heldout_72,interior,after,0.9491289422645578,0.15528346931255055,0.3880335480804813,0.27594088740740136
41,whole_forward_vs_independent,extrapolated_outside_200,interior,after,0.9145823336429169,0.2806833438180601,0.6125454879847384,0.4164548158781925
41,whole_forward_vs_independent,full_K,interior,after,0.9651817423469999,0.08374150639002231,0.5434872755991217,0.21986231884926236
41,whole_reverse_vs_independent,input_128,interior,after,0.9999297865365855,0.00014042199689830154,0.053654691305404005,0.007851723910464634
41,whole_reverse_vs_independent,embedded_200,interior,after,0.9818106387454497,0.03777741722531849,0.22724730097320783,0.12939943267287266
41,whole_reverse_vs_independent,heldout_72,interior,after,0.9330107871979375,0.15553939446498447,0.37192773799414036,0.26256827979679936
41,whole_reverse_vs_independent,extrapolated_outside_200,interior,after,0.8669911521144318,0.321293131107646,1.240003475678024,0.3166905442350708
41,whole_reverse_vs_independent,full_K,interior,after,0.9521521938885908,0.10305776730107373,1.0798688803369079,0.1896880360947514
41,author_L4_forward_vs_reverse,input_128,interior,after,0.9451799240646099,0.10663491114521803,0.47482690181572934,0.22451436336189137
41,author_L4_forward_vs_reverse,embedded_200,interior,after,0.9559716353348673,0.08852927427995834,0.6231437040213381,0.20086199477230174
41,author_L4_forward_vs_reverse,heldout_72,interior,after,0.9738850761076305,0.06511063487551572,0.8232950402383122,0.16532389202806827
41,author_L4_forward_vs_reverse,extrapolated_outside_200,interior,after,0.9724238787006501,0.08260477604638264,0.7678269870608311,0.15989371548526565
41,author_L4_forward_vs_reverse,full_K,interior,after,0.966722965667763,0.08409956409516411,0.7343335281120857,0.17115773727961917
41,author_L4_forward_vs_independent,input_128,interior,after,0.04773556869353272,0.9977213154815049,1.7374452346624465,0.9639043573283178
41,author_L4_forward_vs_independent,embedded_200,interior,after,0.02536810794255458,1.00193394728725,1.7979362570201824,0.9716719863952535
41,author_L4_forward_vs_independent,heldout_72,interior,after,0.11907941570983986,1.0073827534207542,1.9007283549112808,0.9816278223051232
41,author_L4_forward_vs_independent,extrapolated_outside_200,interior,after,0.019309938551100872,1.000112491904869,1.8330234365595686,0.9916896292793247
41,author_L4_forward_vs_independent,full_K,interior,after,0.0024995418398132624,1.0005720565177068,1.8243149084819277,0.986677359722086
41,author_L4_reverse_vs_independent,input_128,interior,after,0.06711062883686848,0.9954961634971202,1.7199436282877145,0.9483023319676844
41,author_L4_reverse_vs_independent,embedded_200,interior,after,0.03131225026542291,1.002645470595955,1.7784153253263733,0.9576750126563381
41,author_L4_reverse_vs_independent,heldout_72,interior,after,0.13931662617004195,1.013031719418499,1.8778749627672418,0.971130144795196
41,author_L4_reverse_vs_independent,extrapolated_outside_200,interior,after,0.021113117605737197,1.0002782451332257,1.825938311222609,0.9878004211291206
41,author_L4_reverse_vs_independent,full_K,interior,after,0.00680275753872762,1.0008860663867036,1.814174276256772,0.9801536163552207
42,whole_forward_vs_reverse,input_128,edge,after,0.999991066928983,1.7866062234163496e-05,0.006155449999149579,0.00302842855318793
42,whole_forward_vs_reverse,embedded_200,edge,after,0.9951965423602139,0.009611083506499802,0.09859630035535637,0.070175598318062
42,whole_forward_vs_reverse,heldout_72,edge,after,0.9819791677635066,0.03610180849335414,0.164122084660244,0.13600781908464335
42,whole_forward_vs_reverse,extrapolated_outside_200,edge,after,0.9896925543652748,0.022636479540183416,0.1706741039916231,0.09319019755444378
42,whole_forward_vs_reverse,full_K,edge,after,0.9923334798789705,0.015850880582219968,0.1558125313989489,0.08201061230781216
42,whole_forward_vs_independent,input_128,edge,after,0.999935734416563,0.0001285270368087985,0.012814289782020184,0.007949115028331193
42,whole_forward_vs_independent,embedded_200,edge,after,0.9915084966180147,0.01761251563068053,0.12179713183301244,0.10610219080641958
42,whole_forward_vs_independent,heldout_72,edge,after,0.9711619716442618,0.06589282786215309,0.20227490554161515,0.20535371081466428
42,whole_forward_vs_independent,extrapolated_outside_200,edge,after,0.9569262627241423,0.18896496447174782,0.22886126701471737,0.3830886442061749
42,whole_forward_vs_independent,full_K,edge,after,0.9666001799894317,0.09969865768970304,0.20734450797012532,0.27598620725467293
42,whole_reverse_vs_independent,input_128,edge,after,0.9999337594512607,0.00013247670966834028,0.013230878136787597,0.008012338790798176
42,whole_reverse_vs_independent,embedded_200,edge,after,0.9880336568785937,0.02467976668985786,0.14524367405283847,0.11892231640481071
42,whole_reverse_vs_independent,heldout_72,edge,after,0.9587106469728345,0.09233982494051636,0.2414291299576225,0.2301017127879505
42,whole_reverse_vs_independent,extrapolated_outside_200,edge,after,0.9608591627989712,0.15938446060552663,0.17029964027453828,0.35081835323202676
42,whole_reverse_vs_independent,full_K,edge,after,0.9682782903904886,0.09082672986503468,0.16439405956822056,0.26006396371227286
42,author_L4_forward_vs_reverse,input_128,edge,after,0.9919850251521397,0.015965709873908857,0.10059973450332434,0.08622803756940778
42,author_L4_forward_vs_reverse,embedded_200,edge,after,0.9938884868944237,0.012187595497179213,0.0891225944915434,0.07550041025652797
42,author_L4_forward_vs_reverse,heldout_72,edge,after,0.9973685404443844,0.005271196665810846,0.06381049714094633,0.05024147383913923
42,author_L4_forward_vs_reverse,extrapolated_outside_200,edge,after,0.9923045650079111,0.016935013126735076,0.13919185088657493,0.08017426898031718
42,author_L4_forward_vs_reverse,full_K,edge,after,0.9926499966952632,0.015380378207934559,0.1285164881528783,0.07867430364075051
42,author_L4_forward_vs_independent,input_128,edge,after,0.05036012226386582,0.9974638580855683,1.8164568134144279,0.9540647759794662
42,author_L4_forward_vs_independent,embedded_200,edge,after,0.01043334444361653,1.0013896442885664,1.8106170574356901,0.9563522293067461
42,author_L4_forward_vs_independent,heldout_72,edge,after,0.07724652300223157,1.0085763783043116,1.800188494356811,0.9605256378550784
42,author_L4_forward_vs_independent,extrapolated_outside_200,edge,after,0.004487965795822078,1.0016249850415535,1.8054685145374885,0.9634073323705082
42,author_L4_forward_vs_independent,full_K,edge,after,0.005615073840016691,1.0015479181009639,1.806757025697956,0.9611027034810372
42,author_L4_reverse_vs_independent,input_128,edge,after,0.04755266939814204,0.997738743633111,1.8108978693036515,0.9563331794500524
42,author_L4_reverse_vs_independent,embedded_200,edge,after,0.007343061317145046,1.0014239081047047,1.806543044203526,0.9586382683309771
42,author_L4_reverse_vs_independent,heldout_72,edge,after,0.0782726950700751,1.0080473931383402,1.7987751009823787,0.9627674176775067
42,author_L4_reverse_vs_independent,extrapolated_outside_200,edge,after,0.005032314115015007,1.0013445551584323,1.8051297255313812,0.9657352667116642
42,author_L4_reverse_vs_independent,full_K,edge,after,0.005077820611480634,1.001370125553926,1.8054831589183507,0.9634540653659109
43,whole_forward_vs_reverse,input_128,edge,after,0.9999889228421864,2.215419292416277e-05,0.006006800140182337,0.0033408501931323636
43,whole_forward_vs_reverse,embedded_200,edge,after,0.9947219733140016,0.01055051718225888,0.11453600858940555,0.06674815638866141
43,whole_forward_vs_reverse,heldout_72,edge,after,0.9805190510673503,0.03889674151424037,0.19072526058385775,0.1281429513530109
43,whole_forward_vs_reverse,extrapolated_outside_200,edge,after,0.9727797380465778,0.06065863916264579,0.28077474500925714,0.18495811951496693
43,whole_forward_vs_reverse,full_K,edge,after,0.9860363874586775,0.028652505481551266,0.24981086323888746,0.12330560510699337
43,whole_forward_vs_independent,input_128,edge,after,0.9999450790233606,0.00010983893696568967,0.02000818807703167,0.006747741856905629
43,whole_forward_vs_independent,embedded_200,edge,after,0.9923633956797855,0.01629271185617653,0.11266590713296272,0.09729612741592884
43,whole_forward_vs_independent,heldout_72,edge,after,0.9763164970525847,0.05986295602125591,0.18587179700903778,0.18663157350485865
43,whole_forward_vs_independent,extrapolated_outside_200,edge,after,0.9588010716327513,0.12747106255136786,0.2738303052724976,0.27147315646877773
43,whole_forward_vs_independent,full_K,edge,after,0.97696056237772,0.05645684341566146,0.24374305881756977,0.1807500631398484
43,whole_reverse_vs_independent,input_128,edge,after,0.9999345810339302,0.0001308336524986591,0.02135655005443708,0.007403474501618407
43,whole_reverse_vs_independent,embedded_200,edge,after,0.9926573446305714,0.01604300399566349,0.11169387881732488,0.09744835767927751
43,whole_reverse_vs_independent,heldout_72,edge,after,0.9781835393711903,0.06082100858538614,0.18396570587652666,0.1899075748716166
43,whole_reverse_vs_independent,extrapolated_outside_200,edge,after,0.9640241102942406,0.18781173918238486,0.19439927463827933,0.4006151287424623
43,whole_reverse_vs_independent,full_K,edge,after,0.9755363123904205,0.07056078609929607,0.17737584143910828,0.23962676916310968
43,author_L4_forward_vs_reverse,input_128,edge,after,0.9824752910944746,0.03474230238882746,0.2085213145706898,0.12752320301505699
43,author_L4_forward_vs_reverse,embedded_200,edge,after,0.9856514274855577,0.028849717772576618,0.18436861165722532,0.11470376302151832
43,author_L4_forward_vs_reverse,heldout_72,edge,after,0.9920083571951883,0.01854795434467855,0.13085038361328816,0.08791038152166489
43,author_L4_forward_vs_reverse,extrapolated_outside_200,edge,after,0.9857897969394633,0.036677525987514385,0.1828401700167252,0.13164724945029838
43,author_L4_forward_vs_reverse,full_K,edge,after,0.9852198581356404,0.03454505676480117,0.1832234757609186,0.12725523759775798
43,author_L4_forward_vs_independent,input_128,edge,after,0.018540840305962095,0.9996562372407487,1.7484280250662028,0.9839112794742265
43,author_L4_forward_vs_independent,embedded_200,edge,after,0.011128060093670322,1.0001063466708164,1.753734794777769,0.9848056842394887
43,author_L4_forward_vs_independent,heldout_72,edge,after,0.03438312776251738,1.000893254482447,1.7631296139083399,0.9863673869899462
43,author_L4_forward_vs_independent,extrapolated_outside_200,edge,after,0.009875625810183183,1.0001372572857732,1.8115032381020246,0.9926781418679538
43,author_L4_forward_vs_independent,full_K,edge,after,0.0017769903145334785,1.000128836546118,1.7972352152248037,0.990539709871185
43,author_L4_reverse_vs_independent,input_128,edge,after,0.027865551673053227,0.9992235110299563,1.7489174838223283,0.9761444388173351
43,author_L4_reverse_vs_independent,embedded_200,edge,after,0.015146746924715784,1.0001193509476118,1.767740071386402,0.9778821684708829
43,author_L4_reverse_vs_independent,heldout_72,edge,after,0.037939203563795786,1.0016138130669276,1.8007167139817555,0.9807742393244027
43,author_L4_reverse_vs_independent,extrapolated_outside_200,edge,after,0.011255352522231353,1.0002829863828713,1.8045411369168805,0.9896187915560095
43,author_L4_reverse_vs_independent,full_K,edge,after,0.0031190563078342995,1.0002388302909506,1.7954115896126022,0.9864654869847563
44,whole_forward_vs_reverse,input_128,edge,after,0.9999912060045169,1.7587913632254452e-05,0.0068330551048598675,0.002849832800566532
44,whole_forward_vs_reverse,embedded_200,edge,after,0.9963612577740687,0.007278334402738293,0.13650803872078332,0.06219252960859148
44,whole_forward_vs_reverse,heldout_72,edge,after,0.9819583432240343,0.03610609561995606,0.22733090556177138,0.13853755713537458
44,whole_forward_vs_reverse,extrapolated_outside_200,edge,after,0.9754784758423282,0.06062872847771483,0.49460740827238814,0.1712319177578912
44,whole_forward_vs_reverse,full_K,edge,after,0.9907013172418442,0.01936551466037275,0.43374644367106385,0.09815535993965191
44,whole_forward_vs_independent,input_128,edge,after,0.99994518906039,0.00010961887498054309,0.01916197752023416,0.007350018281897154
44,whole_forward_vs_independent,embedded_200,edge,after,0.988946930596496,0.02306765990418193,0.25007531071763855,0.1067126932288949
44,whole_forward_vs_independent,heldout_72,edge,after,0.9533085135870663,0.11421929641950562,0.416008363116164,0.2374572612103431
44,whole_forward_vs_independent,extrapolated_outside_200,edge,after,0.9359696776560166,0.31476267100311134,0.6594750473716197,0.48721686830221606
44,whole_forward_vs_independent,full_K,edge,after,0.9653952679470835,0.08915471025380943,0.5846493982182663,0.25017791075920504
44,whole_reverse_vs_independent,input_128,edge,after,0.9999608983960309,7.820167900330942e-05,0.01503225851661342,0.006219831960527108
44,whole_reverse_vs_independent,embedded_200,edge,after,0.9905504074489975,0.019772656494238875,0.2214180804486306,0.09201130222989722
44,whole_reverse_vs_independent,heldout_72,edge,after,0.9604371992128845,0.09801952158359298,0.36848543737260825,0.20481321854185008
44,whole_reverse_vs_independent,extrapolated_outside_200,edge,after,0.9341539095206812,0.2429055133692955,0.7388598122675982,0.3900985065960455
44,whole_reverse_vs_independent,full_K,edge,after,0.9688868292146817,0.0761027341602334,0.6493780549306174,0.2115324642690331
44,author_L4_forward_vs_reverse,input_128,edge,after,0.9876786312108314,0.024490921449497934,0.25501269626983447,0.1094711927118945
44,author_L4_forward_vs_reverse,embedded_200,edge,after,0.9897602044378814,0.020432356808515448,0.3034701618289307,0.09717703294063489
44,author_L4_forward_vs_reverse,heldout_72,edge,after,0.993718582870531,0.01299317756077818,0.37444030437603526,0.06918543163985244
44,author_L4_forward_vs_reverse,extrapolated_outside_200,edge,after,0.9902273040785264,0.020199077570829567,0.44698018930030353,0.10305279692028237
44,author_L4_forward_vs_reverse,full_K,edge,after,0.9900411521762588,0.020267746062063115,0.4157727768869924,0.10135857818934702
44,author_L4_forward_vs_independent,input_128,edge,after,0.012375854185120938,0.9998468382331884,1.7909763905479128,0.9907840699240191
44,author_L4_forward_vs_independent,embedded_200,edge,after,0.026676251895145008,1.0002003154355525,1.8150335793151553,0.9913493819531021
44,author_L4_forward_vs_independent,heldout_72,edge,after,0.10095190516046727,1.0008482243641967,1.857032562600856,0.9923847391583331
44,author_L4_forward_vs_independent,extrapolated_outside_200,edge,after,0.01903426655484355,1.00006555666308,1.8204621979837556,0.9964431767209307
44,author_L4_forward_vs_independent,full_K,edge,after,0.003921984550775924,1.0001052244949793,1.8191065620865319,0.9949464666629623
44,author_L4_reverse_vs_independent,input_128,edge,after,0.014562771045498338,0.9997879256994767,1.8066786768060115,0.9887554754360091
44,author_L4_reverse_vs_independent,embedded_200,edge,after,0.023152555053545586,1.000348520968172,1.8018133486480736,0.9894640730232417
44,author_L4_reverse_vs_independent,heldout_72,edge,after,0.09735175323607125,1.001401375162656,1.7931312811996813,0.9907935207771114
44,author_L4_reverse_vs_independent,extrapolated_outside_200,edge,after,0.018225251697954976,0.9999658679062529,1.8084927450860888,0.9956909248647281
44,author_L4_reverse_vs_independent,full_K,edge,after,0.0013296858270785835,1.0000791381402274,1.8068252108638951,0.9938517615432879
45,whole_forward_vs_reverse,input_128,edge,after,0.9999942713274331,1.1457312315843364e-05,0.007959754210938641,0.0023156174473887518
45,whole_forward_vs_reverse,embedded_200,edge,after,0.9974900571517965,0.005023346907056999,0.09292258128816333,0.046793557597429154
45,whole_forward_vs_reverse,heldout_72,edge,after,0.9885762774368739,0.022920047326144062,0.15450689658746491,0.09994674991100626
45,whole_forward_vs_reverse,extrapolated_outside_200,edge,after,0.9886052005742297,0.024030100680481017,0.169723013773296,0.10196570117898218
45,whole_forward_vs_reverse,full_K,edge,after,0.9942282361591331,0.011731504517383877,0.1541527735122909,0.0713183569778076
45,whole_forward_vs_independent,input_128,edge,after,0.9999349175645813,0.00013016063511396867,0.013359832434248826,0.007872217002491383
45,whole_forward_vs_independent,embedded_200,edge,after,0.9921500178665286,0.015902766392935454,0.2122435804574911,0.09094100264921542
45,whole_forward_vs_independent,heldout_72,edge,after,0.9659190433674393,0.07222435822773669,0.3532905122122346,0.19385779349469967
45,whole_forward_vs_independent,extrapolated_outside_200,edge,after,0.9672204432076915,0.07443600706114784,0.15690396674390297,0.20463066847508388
45,whole_forward_vs_independent,full_K,edge,after,0.9826621989189233,0.036561223303898466,0.1724122253389612,0.14188063119278416
45,whole_reverse_vs_independent,input_128,edge,after,0.9999412059541537,0.00011758463495262419,0.01515934008367145,0.007656474652287818
45,whole_reverse_vs_independent,embedded_200,edge,after,0.9918894830733684,0.016409380604535492,0.19891405742415072,0.0902070997484527
45,whole_reverse_vs_independent,heldout_72,edge,after,0.9647374188857185,0.07428180390575181,0.3309066948980398,0.19192401154376335
45,whole_reverse_vs_independent,extrapolated_outside_200,edge,after,0.9700219693075595,0.06600990793858141,0.20859625157808212,0.18031488808322843
45,whole_reverse_vs_independent,full_K,edge,after,0.9835566261317013,0.034229427390176446,0.20621832530004333,0.12998064493535963
45,author_L4_forward_vs_reverse,input_128,edge,after,0.989424262932437,0.02103962792060349,0.10602644768866488,0.10815226622805016
45,author_L4_forward_vs_reverse,embedded_200,edge,after,0.9924558443442217,0.015041739607334167,0.09465844896279624,0.09024769076805175
45,author_L4_forward_vs_reverse,heldout_72,edge,after,0.9978372347864712,0.004399481358896643,0.07003160179473139,0.04291546257817773
45,author_L4_forward_vs_reverse,extrapolated_outside_200,edge,after,0.9953422748914621,0.010805852335768841,0.15516331474330558,0.05693965933145884
45,author_L4_forward_vs_reverse,full_K,edge,after,0.9941372529844619,0.012360007958950061,0.14246682481057882,0.07099908204507538
45,author_L4_forward_vs_independent,input_128,edge,after,0.0026140534062497546,0.9999931667247892,1.8085784864272565,0.9976502898916075
45,author_L4_forward_vs_independent,embedded_200,edge,after,0.024385185970507147,0.9999813656074588,1.814226204193806,0.9979409537732647
45,author_L4_forward_vs_independent,heldout_72,edge,after,0.08334565297362506,0.9999604264816044,1.8242234187762847,0.9984564803682783
45,author_L4_forward_vs_independent,extrapolated_outside_200,edge,after,0.04287963279387509,1.000052637214408,1.81592805254865,0.9987719485088024
45,author_L4_forward_vs_independent,full_K,edge,after,0.009967363338294748,1.0000264875173994,1.815502740020162,0.998467135182048
45,author_L4_reverse_vs_independent,input_128,edge,after,0.0024546690641358065,0.9999939745997856,1.8230714683583849,0.9977983351094016
45,author_L4_reverse_vs_independent,embedded_200,edge,after,0.02189017268127173,1.0000472209212001,1.8336876692468609,0.9980754167870342
45,author_L4_reverse_vs_independent,heldout_72,edge,after,0.07806878040360006,1.0001398835197606,1.8524106950680141,0.9985574284311368
45,author_L4_reverse_vs_independent,extrapolated_outside_200,edge,after,0.04144356043916937,0.9999248960615849,1.8217849112008588,0.9988548277668371
45,author_L4_reverse_vs_independent,full_K,edge,after,0.011073846560790348,0.9999693338294228,1.824767879511347,0.9985717562981624
46,whole_forward_vs_reverse,input_128,edge,after,0.999978385552918,4.32284269799236e-05,0.007257863500480027,0.004645611747668189
46,whole_forward_vs_reverse,embedded_200,edge,after,0.9832129601240411,0.03496366247533551,0.3907130611417788,0.1170624930801268
46,whole_forward_vs_reverse,heldout_72,edge,after,0.9134659923083221,0.2240891563383377,0.6511165263818433,0.2963177089980272
46,whole_forward_vs_reverse,extrapolated_outside_200,edge,after,0.5598975504113718,2.1231477347286107,1.7965768472530659,0.8224876370682914
46,whole_forward_vs_reverse,full_K,edge,after,0.8944272765108162,0.2426586340087104,1.568097717012884,0.2821795196857891
46,whole_forward_vs_independent,input_128,edge,after,0.9999398792442894,0.00012023789691585347,0.012074638083118408,0.007774679540863588
46,whole_forward_vs_independent,embedded_200,edge,after,0.9890191348862597,0.02368470804501352,0.39394440530134495,0.1080272016365569
46,whole_forward_vs_independent,heldout_72,edge,after,0.9523218252491243,0.1513074646295299,0.6563765951163119,0.27302996819675907
46,whole_forward_vs_independent,extrapolated_outside_200,edge,after,0.7826072015099909,0.8169659278971352,1.3025838546526753,0.65979794022052
46,whole_forward_vs_independent,full_K,edge,after,0.9551393874342108,0.10258604752193087,1.1451382328865034,0.23196614281231795
46,whole_reverse_vs_independent,input_128,edge,after,0.9998771037914721,0.00024577731357780194,0.017451359755916492,0.010995024040085937
46,whole_reverse_vs_independent,embedded_200,edge,after,0.9730803052989383,0.05612285478623405,0.3917692108352012,0.13550929403949
46,whole_reverse_vs_independent,heldout_72,edge,after,0.8807221906086561,0.3051222067383353,0.6525339552377181,0.3156773671709394
46,whole_reverse_vs_independent,extrapolated_outside_200,edge,after,0.5610842190873356,0.8890141110069066,1.8200688615789413,0.40486937845486093
46,whole_reverse_vs_independent,full_K,edge,after,0.886391675664545,0.2313367161717955,1.588350960684243,0.22132153259936002
46,author_L4_forward_vs_reverse,input_128,edge,after,0.6636037517985894,0.5596300605988362,1.5260223357993685,0.48578485864676024
46,author_L4_forward_vs_reverse,embedded_200,edge,after,0.7909790959253314,0.4247984615664266,1.6591549356876867,0.49739903425027376
46,author_L4_forward_vs_reverse,heldout_72,edge,after,0.9172143164336433,0.33564131898633304,1.8726087212372213,0.504932179552924
46,author_L4_forward_vs_reverse,extrapolated_outside_200,edge,after,0.9166984219738062,0.30921068340613383,1.5569592450538363,0.4969603451763305
46,author_L4_forward_vs_reverse,full_K,edge,after,0.8884549102339986,0.33333521325881127,1.5831267615775946,0.49705193672128417
46,author_L4_forward_vs_independent,input_128,edge,after,0.044908922158633735,0.9979831887105496,1.8049386415976816,0.967279841270932
46,author_L4_forward_vs_independent,embedded_200,edge,after,0.04311911517976371,0.9988907497637908,1.823040146025702,0.9811526552302059
46,author_L4_forward_vs_independent,heldout_72,edge,after,0.08150078542235206,0.999490872812131,1.854784454431762,0.9902192835455447
46,author_L4_forward_vs_independent,extrapolated_outside_200,edge,after,0.024352353126404266,1.0003879825259194,1.8308362685931752,0.9961228263782433
46,author_L4_forward_vs_independent,full_K,edge,after,0.009230262483232039,1.0000754924249653,1.8288903535484267,0.9930170114444052
46,author_L4_reverse_vs_independent,input_128,edge,after,0.08179111496102791,0.9933102135134321,1.7424775264395116,0.9355295193168031
46,author_L4_reverse_vs_independent,embedded_200,edge,after,0.07569519214840266,0.9945056683168346,1.7577422408635461,0.9537774662400667
46,author_L4_reverse_vs_independent,heldout_72,edge,after,0.08131822185896105,0.99583400736101,1.7845571424041777,0.9736527642802816
46,author_L4_reverse_vs_independent,extrapolated_outside_200,edge,after,0.01808862193563943,1.000876057557165,1.8079492372065649,0.9907246849032828
46,author_L4_reverse_vs_independent,full_K,edge,after,0.027574496691791406,0.9993832087659487,1.7955291085264673,0.9821911006096881
47,whole_forward_vs_reverse,input_128,edge,after,0.9999419361133297,0.00011612440192551337,0.017171895771058068,0.0074325046047061805
47,whole_forward_vs_reverse,embedded_200,edge,after,0.9925389924316501,0.015736166470442795,0.22223257645640135,0.07954915919973539
47,whole_forward_vs_reverse,heldout_72,edge,after,0.9762038891938745,0.05760964832960076,0.36967928546110573,0.1521314246610206
47,whole_forward_vs_reverse,extrapolated_outside_200,edge,after,0.9415899585941906,0.3940419344323669,0.09656926695339053,0.6159406401899761
47,whole_forward_vs_reverse,full_K,edge,after,0.9512115119494753,0.17080047379964008,0.13907209281357985,0.3990489324880979
47,whole_forward_vs_independent,input_128,edge,after,0.9999419361133297,0.00011612440192551337,0.017171895771058068,0.0074325046047061805
47,whole_forward_vs_independent,embedded_200,edge,after,0.9925389924316501,0.015736166470442795,0.22223257645640135,0.07954915919973539
47,whole_forward_vs_independent,heldout_72,edge,after,0.9762038891938745,0.05760964832960076,0.36967928546110573,0.1521314246610206
47,whole_forward_vs_independent,extrapolated_outside_200,edge,after,0.9415899585941906,0.3940419344323669,0.09656926695339053,0.6159406401899761
47,whole_forward_vs_independent,full_K,edge,after,0.9512115119494753,0.17080047379964008,0.13907209281357985,0.3990489324880979
47,whole_reverse_vs_independent,input_128,edge,after,0.9999999999999998,0.0,1.7740071016275094e-17,0.0
47,whole_reverse_vs_independent,embedded_200,edge,after,1.0,0.0,1.6819160352563994e-17,0.0
47,whole_reverse_vs_independent,heldout_72,edge,after,1.0000000000000002,0.0,1.5043425878775e-17,0.0
47,whole_reverse_vs_independent,extrapolated_outside_200,edge,after,0.9999999999999999,0.0,1.687477745268939e-17,0.0
47,whole_reverse_vs_independent,full_K,edge,after,1.0000000000000002,0.0,1.6860890376835404e-17,0.0
47,author_L4_forward_vs_reverse,input_128,edge,after,0.9831788197801272,0.03335940833575631,0.14045501298237573,0.12370950796403651
47,author_L4_forward_vs_reverse,embedded_200,edge,after,0.9815004787667075,0.0368495943805956,0.12159940301921446,0.1548025010421762
47,author_L4_forward_vs_reverse,heldout_72,edge,after,0.9788449510318934,0.04338341362709051,0.07747300577596487,0.20043797366091717
47,author_L4_forward_vs_reverse,extrapolated_outside_200,edge,after,0.9436448062586063,0.14640330386326905,0.14826067760349157,0.3711649594236105
47,author_L4_forward_vs_reverse,full_K,edge,after,0.9539762136915642,0.10805725133976375,0.14206521423713192,0.3129396444417597
47,author_L4_forward_vs_independent,input_128,edge,after,0.062460282908861124,0.9960987130589452,1.8081070315058114,0.9445834518137397
47,author_L4_forward_vs_independent,embedded_200,edge,after,0.00964256691378053,1.0034168223143718,1.8474038362354261,0.9471449473641514
47,author_L4_forward_vs_independent,heldout_72,edge,after,0.12730472635976442,1.0171167232614173,1.9152750529287814,0.9519216777194791
47,author_L4_forward_vs_independent,extrapolated_outside_200,edge,after,0.009488456885923934,1.0022889256399001,1.822851739039188,0.9547184571437476
47,author_L4_forward_vs_independent,full_K,edge,after,0.009381733740443902,1.0026837126838495,1.829020661562626,0.9520744260048192
47,author_L4_reverse_vs_independent,input_128,edge,after,0.06683038396923008,0.9955336997785252,1.8003675439871127,0.9401397962725496
47,author_L4_reverse_vs_independent,embedded_200,edge,after,0.00832019139394394,1.003081827032801,1.8486036004123405,0.9427697378687723
47,author_L4_reverse_vs_independent,heldout_72,edge,after,0.1111099946699463,1.016266690776878,1.9313843363234946,0.9473461335005142
47,author_L4_reverse_vs_independent,extrapolated_outside_200,edge,after,0.008789046954970046,1.001962840030717,1.8204817483230142,0.9538377004632785
47,author_L4_reverse_vs_independent,full_K,edge,after,0.008172648401004116,1.002290303416729,1.8275527803177891,0.9506120796434961
