super,K,line,region,n_bins,support_to_input_ratio,none_w3db_um,none_w10db_um,none_w20db_um,none_w40db_um,fixed100_w3db_um,fixed100_w10db_um,fixed100_w20db_um,fixed100_w40db_um,proportional12p5_w3db_um,proportional12p5_w10db_um,proportional12p5_w20db_um,proportional12p5_w40db_um,normalized_corr,normalized_nmse,normalized_phase_rmse_rad,normalized_amplitude_nrmse,source_restored_corr,source_restored_nmse,source_restored_phase_rmse_rad,source_restored_amplitude_nrmse,source_weighted_corr,source_weighted_nmse,source_weighted_phase_rmse_rad,source_weighted_amplitude_nrmse,signal_source_weighted_corr,signal_source_weighted_nmse,signal_source_weighted_phase_rmse_rad,signal_source_weighted_amplitude_nrmse
2,400,0,input_128,128,3.125,2.9653128903034136,5.764446097863563,14.12526872805759,71.79664407492156,3.41243816752111,5.633422172215057,9.367261398346274,21.26692415076082,3.1889210944120894,5.740168331802438,10.681427471128796,48.33994202172881,0.9974589775336425,0.005075588137540455,0.02826334450031344,0.06566272254047603,0.9965510767233663,0.006885951481499222,0.028353994650702444,0.07966694538883537,0.9965510767233664,0.006885951481499226,0.023391133955300045,0.0796669453888354,0.9968536432733066,0.006282813892735082,0.02356040927607714,0.07572808839672604
2,400,0,heldout_all_72,23,3.125,2.9653128903034136,5.764446097863563,14.12526872805759,71.79664407492156,3.41243816752111,5.633422172215057,9.367261398346274,21.26692415076082,3.1889210944120894,5.740168331802438,10.681427471128796,48.33994202172881,0.9537520540408496,0.09035701941286037,0.0913029978572995,0.29113165722285844,0.9654212151996657,0.06796187724240137,0.09532706738233677,0.25437904421062096,0.9654212151996657,0.06796187724240134,0.0676221882493102,0.25437904421062096,0.9782903754859925,0.04294794123147588,0.05309765543903044,0.20141026832682402
2,400,0,heldout_near_16,8,3.125,2.9653128903034136,5.764446097863563,14.12526872805759,71.79664407492156,3.41243816752111,5.633422172215057,9.367261398346274,21.26692415076082,3.1889210944120894,5.740168331802438,10.681427471128796,48.33994202172881,0.9937317615701909,0.01249718604660553,0.04649234224035741,0.10168465191301153,0.9939032568628089,0.012156315997501338,0.04652205806928116,0.09949962638973135,0.9939032568628088,0.012156315997501336,0.047525368540028375,0.09949962638973141,0.9941624613236721,0.011641000494857712,0.04753496097291632,0.09689589931538836
2,400,0,heldout_far_56,15,3.125,2.9653128903034136,5.764446097863563,14.12526872805759,71.79664407492156,3.41243816752111,5.633422172215057,9.367261398346274,21.26692415076082,3.1889210944120894,5.740168331802438,10.681427471128796,48.33994202172881,0.9797645077205748,0.04006150941105947,0.10107461420963015,0.17943609414986486,0.9829272077844622,0.033854104197040866,0.10527872670113256,0.16845114522562651,0.9829272077844621,0.03385410419704085,0.08673208830207178,0.16845114522562646,0.987496282700751,0.02485109165219859,0.06773196740568896,0.14698700969247305
2,400,0,heldout_source_ge_5pct,7,3.125,2.9653128903034136,5.764446097863563,14.12526872805759,71.79664407492156,3.41243816752111,5.633422172215057,9.367261398346274,21.26692415076082,3.1889210944120894,5.740168331802438,10.681427471128796,48.33994202172881,0.9944893313673329,0.010990969796554822,0.049685394808139806,0.09241855017146108,0.9946976142871421,0.010576656131468075,0.04972566682893178,0.09022919364065872,0.9946976142871421,0.010576656131468081,0.04944763405642738,0.09022919364065872,0.9948957611904656,0.010182424365243815,0.04903594569601665,0.08826869351923008
2,400,0,heldout_source_lt_5pct,16,3.125,2.9653128903034136,5.764446097863563,14.12526872805759,71.79664407492156,3.41243816752111,5.633422172215057,9.367261398346274,21.26692415076082,3.1889210944120894,5.740168331802438,10.681427471128796,48.33994202172881,0.9761773005352962,0.04707787791962203,0.09897006802102536,0.19941544811726236,0.9793784313456699,0.0408178882148948,0.10326391574403887,0.18989347121331532,0.9793784313456702,0.04081788821489481,0.08249078836133172,0.18989347121331532,0.9845094694142177,0.030741104633735215,0.061765601060836006,0.16778486481128846
2,400,0,heldout_left,23,3.125,2.9653128903034136,5.764446097863563,14.12526872805759,71.79664407492156,3.41243816752111,5.633422172215057,9.367261398346274,21.26692415076082,3.1889210944120894,5.740168331802438,10.681427471128796,48.33994202172881,0.9537520540408496,0.09035701941286037,0.0913029978572995,0.29113165722285844,0.9654212151996657,0.06796187724240137,0.09532706738233677,0.25437904421062096,0.9654212151996657,0.06796187724240134,0.0676221882493102,0.25437904421062096,0.9782903754859925,0.04294794123147588,0.05309765543903044,0.20141026832682402
2,400,0,common_input_128,128,3.125,2.9653128903034136,5.764446097863563,14.12526872805759,71.79664407492156,3.41243816752111,5.633422172215057,9.367261398346274,21.26692415076082,3.1889210944120894,5.740168331802438,10.681427471128796,48.33994202172881,0.9974589775336425,0.005075588137540455,0.02826334450031344,0.06566272254047603,0.9965510767233663,0.006885951481499222,0.028353994650702444,0.07966694538883537,0.9965510767233664,0.006885951481499226,0.023391133955300045,0.0796669453888354,0.9968536432733066,0.006282813892735082,0.02356040927607714,0.07572808839672604
2,400,0,common_heldout_all_72,23,3.125,2.9653128903034136,5.764446097863563,14.12526872805759,71.79664407492156,3.41243816752111,5.633422172215057,9.367261398346274,21.26692415076082,3.1889210944120894,5.740168331802438,10.681427471128796,48.33994202172881,0.9537520540408496,0.09035701941286037,0.0913029978572995,0.29113165722285844,0.9654212151996657,0.06796187724240137,0.09532706738233677,0.25437904421062096,0.9654212151996657,0.06796187724240134,0.0676221882493102,0.25437904421062096,0.9782903754859925,0.04294794123147588,0.05309765543903044,0.20141026832682402
2,400,0,common_heldout_near_16,8,3.125,2.9653128903034136,5.764446097863563,14.12526872805759,71.79664407492156,3.41243816752111,5.633422172215057,9.367261398346274,21.26692415076082,3.1889210944120894,5.740168331802438,10.681427471128796,48.33994202172881,0.9937317615701909,0.01249718604660553,0.04649234224035741,0.10168465191301153,0.9939032568628089,0.012156315997501338,0.04652205806928116,0.09949962638973135,0.9939032568628088,0.012156315997501336,0.047525368540028375,0.09949962638973141,0.9941624613236721,0.011641000494857712,0.04753496097291632,0.09689589931538836
2,400,0,common_heldout_far_56,15,3.125,2.9653128903034136,5.764446097863563,14.12526872805759,71.79664407492156,3.41243816752111,5.633422172215057,9.367261398346274,21.26692415076082,3.1889210944120894,5.740168331802438,10.681427471128796,48.33994202172881,0.9797645077205748,0.04006150941105947,0.10107461420963015,0.17943609414986486,0.9829272077844622,0.033854104197040866,0.10527872670113256,0.16845114522562651,0.9829272077844621,0.03385410419704085,0.08673208830207178,0.16845114522562646,0.987496282700751,0.02485109165219859,0.06773196740568896,0.14698700969247305
2,400,0,common_heldout_source_ge_5pct,7,3.125,2.9653128903034136,5.764446097863563,14.12526872805759,71.79664407492156,3.41243816752111,5.633422172215057,9.367261398346274,21.26692415076082,3.1889210944120894,5.740168331802438,10.681427471128796,48.33994202172881,0.9944893313673329,0.010990969796554822,0.049685394808139806,0.09241855017146108,0.9946976142871421,0.010576656131468075,0.04972566682893178,0.09022919364065872,0.9946976142871421,0.010576656131468081,0.04944763405642738,0.09022919364065872,0.9948957611904656,0.010182424365243815,0.04903594569601665,0.08826869351923008
2,400,0,common_heldout_source_lt_5pct,16,3.125,2.9653128903034136,5.764446097863563,14.12526872805759,71.79664407492156,3.41243816752111,5.633422172215057,9.367261398346274,21.26692415076082,3.1889210944120894,5.740168331802438,10.681427471128796,48.33994202172881,0.9761773005352962,0.04707787791962203,0.09897006802102536,0.19941544811726236,0.9793784313456699,0.0408178882148948,0.10326391574403887,0.18989347121331532,0.9793784313456702,0.04081788821489481,0.08249078836133172,0.18989347121331532,0.9845094694142177,0.030741104633735215,0.061765601060836006,0.16778486481128846
2,400,0,common_heldout_left,23,3.125,2.9653128903034136,5.764446097863563,14.12526872805759,71.79664407492156,3.41243816752111,5.633422172215057,9.367261398346274,21.26692415076082,3.1889210944120894,5.740168331802438,10.681427471128796,48.33994202172881,0.9537520540408496,0.09035701941286037,0.0913029978572995,0.29113165722285844,0.9654212151996657,0.06796187724240137,0.09532706738233677,0.25437904421062096,0.9654212151996657,0.06796187724240134,0.0676221882493102,0.25437904421062096,0.9782903754859925,0.04294794123147588,0.05309765543903044,0.20141026832682402
2,400,1,input_128,128,3.125,3.893204928886172,5.917455566149004,16.153938489373715,97.96338067637528,3.884115177592557,5.706044887066361,8.874971673854157,32.274930579419994,3.8934246235496444,5.843215712150601,9.860436435254778,52.18542813347534,0.9965874792726317,0.006813396157021738,0.03284765769220289,0.07621235604825512,0.9953780432700444,0.009222550975897562,0.03331441495364425,0.09293879786408417,0.9953780432700442,0.009222550975897558,0.02392394765027695,0.09293879786408414,0.9958787474415716,0.008225520394206532,0.02444713301215401,0.0872742366289638
2,400,1,heldout_all_72,23,3.125,3.893204928886172,5.917455566149004,16.153938489373715,97.96338067637528,3.884115177592557,5.706044887066361,8.874971673854157,32.274930579419994,3.8934246235496444,5.843215712150601,9.860436435254778,52.18542813347534,0.9488392807417115,0.09970401932155096,0.075536111945167,0.3086187529772065,0.9652040445195242,0.0683811524431524,0.07590812142252747,0.2546566349776637,0.9652040445195241,0.06838115244315245,0.06412519034588722,0.2546566349776637,0.9800032497915295,0.03959363039804091,0.05932146852549274,0.19057853012686318
2,400,1,heldout_near_16,8,3.125,3.893204928886172,5.917455566149004,16.153938489373715,97.96338067637528,3.884115177592557,5.706044887066361,8.874971673854157,32.274930579419994,3.8934246235496444,5.843215712150601,9.860436435254778,52.18542813347534,0.9953940932384991,0.009190599145906217,0.05774096289759278,0.07652772512686909,0.9959494097405428,0.008084773237464404,0.059390402872445014,0.07057718957794179,0.9959494097405428,0.008084773237464413,0.05605040832319605,0.07057718957794189,0.9961859618392531,0.007613529434402241,0.055242437768618965,0.06799663825671563
2,400,1,heldout_far_56,15,3.125,3.893204928886172,5.917455566149004,16.153938489373715,97.96338067637528,3.884115177592557,5.706044887066361,8.874971673854157,32.274930579419994,3.8934246235496444,5.843215712150601,9.860436435254778,52.18542813347534,0.9711309627113216,0.05690465326338161,0.08168642949337515,0.22645140907647926,0.9724140080496639,0.054410996948788176,0.08678816084287032,0.22268847463300304,0.9724140080496642,0.05441099694878818,0.07636408196736674,0.222688474633003,0.977557709318957,0.04438092495107387,0.06755730690450588,0.20124198556881548
2,400,1,heldout_source_ge_5pct,7,3.125,3.893204928886172,5.917455566149004,16.153938489373715,97.96338067637528,3.884115177592557,5.706044887066361,8.874971673854157,32.274930579419994,3.8934246235496444,5.843215712150601,9.860436435254778,52.18542813347534,0.9961550019074835,0.0076752121747016575,0.06050688121028095,0.06357509082086846,0.9966613252130656,0.006666202824535943,0.06189142540966354,0.058988359270108016,0.9966613252130654,0.006666202824535952,0.05696877828993275,0.058988359270108016,0.9968607601795467,0.006268624814256113,0.05563103085526159,0.0570386438731727
2,400,1,heldout_source_lt_5pct,16,3.125,3.893204928886172,5.917455566149004,16.153938489373715,97.96338067637528,3.884115177592557,5.706044887066361,8.874971673854157,32.274930579419994,3.8934246235496444,5.843215712150601,9.860436435254778,52.18542813347534,0.9677085448979587,0.0635401721314752,0.08053729343149044,0.24130378930588692,0.970264751248447,0.058586312484789335,0.08578915405006442,0.23312738550105416,0.970264751248447,0.05858631248478933,0.07291120195801394,0.23312738550105414,0.977338528469504,0.04480940076906426,0.06176851982748362,0.2041400897464358
2,400,1,heldout_left,23,3.125,3.893204928886172,5.917455566149004,16.153938489373715,97.96338067637528,3.884115177592557,5.706044887066361,8.874971673854157,32.274930579419994,3.8934246235496444,5.843215712150601,9.860436435254778,52.18542813347534,0.9488392807417115,0.09970401932155096,0.075536111945167,0.3086187529772065,0.9652040445195242,0.0683811524431524,0.07590812142252747,0.2546566349776637,0.9652040445195241,0.06838115244315245,0.06412519034588722,0.2546566349776637,0.9800032497915295,0.03959363039804091,0.05932146852549274,0.19057853012686318
2,400,1,common_input_128,128,3.125,3.893204928886172,5.917455566149004,16.153938489373715,97.96338067637528,3.884115177592557,5.706044887066361,8.874971673854157,32.274930579419994,3.8934246235496444,5.843215712150601,9.860436435254778,52.18542813347534,0.9965874792726317,0.006813396157021738,0.03284765769220289,0.07621235604825512,0.9953780432700444,0.009222550975897562,0.03331441495364425,0.09293879786408417,0.9953780432700442,0.009222550975897558,0.02392394765027695,0.09293879786408414,0.9958787474415716,0.008225520394206532,0.02444713301215401,0.0872742366289638
2,400,1,common_heldout_all_72,23,3.125,3.893204928886172,5.917455566149004,16.153938489373715,97.96338067637528,3.884115177592557,5.706044887066361,8.874971673854157,32.274930579419994,3.8934246235496444,5.843215712150601,9.860436435254778,52.18542813347534,0.9488392807417115,0.09970401932155096,0.075536111945167,0.3086187529772065,0.9652040445195242,0.0683811524431524,0.07590812142252747,0.2546566349776637,0.9652040445195241,0.06838115244315245,0.06412519034588722,0.2546566349776637,0.9800032497915295,0.03959363039804091,0.05932146852549274,0.19057853012686318
2,400,1,common_heldout_near_16,8,3.125,3.893204928886172,5.917455566149004,16.153938489373715,97.96338067637528,3.884115177592557,5.706044887066361,8.874971673854157,32.274930579419994,3.8934246235496444,5.843215712150601,9.860436435254778,52.18542813347534,0.9953940932384991,0.009190599145906217,0.05774096289759278,0.07652772512686909,0.9959494097405428,0.008084773237464404,0.059390402872445014,0.07057718957794179,0.9959494097405428,0.008084773237464413,0.05605040832319605,0.07057718957794189,0.9961859618392531,0.007613529434402241,0.055242437768618965,0.06799663825671563
2,400,1,common_heldout_far_56,15,3.125,3.893204928886172,5.917455566149004,16.153938489373715,97.96338067637528,3.884115177592557,5.706044887066361,8.874971673854157,32.274930579419994,3.8934246235496444,5.843215712150601,9.860436435254778,52.18542813347534,0.9711309627113216,0.05690465326338161,0.08168642949337515,0.22645140907647926,0.9724140080496639,0.054410996948788176,0.08678816084287032,0.22268847463300304,0.9724140080496642,0.05441099694878818,0.07636408196736674,0.222688474633003,0.977557709318957,0.04438092495107387,0.06755730690450588,0.20124198556881548
2,400,1,common_heldout_source_ge_5pct,7,3.125,3.893204928886172,5.917455566149004,16.153938489373715,97.96338067637528,3.884115177592557,5.706044887066361,8.874971673854157,32.274930579419994,3.8934246235496444,5.843215712150601,9.860436435254778,52.18542813347534,0.9961550019074835,0.0076752121747016575,0.06050688121028095,0.06357509082086846,0.9966613252130656,0.006666202824535943,0.06189142540966354,0.058988359270108016,0.9966613252130654,0.006666202824535952,0.05696877828993275,0.058988359270108016,0.9968607601795467,0.006268624814256113,0.05563103085526159,0.0570386438731727
2,400,1,common_heldout_source_lt_5pct,16,3.125,3.893204928886172,5.917455566149004,16.153938489373715,97.96338067637528,3.884115177592557,5.706044887066361,8.874971673854157,32.274930579419994,3.8934246235496444,5.843215712150601,9.860436435254778,52.18542813347534,0.9677085448979587,0.0635401721314752,0.08053729343149044,0.24130378930588692,0.970264751248447,0.058586312484789335,0.08578915405006442,0.23312738550105416,0.970264751248447,0.05858631248478933,0.07291120195801394,0.23312738550105414,0.977338528469504,0.04480940076906426,0.06176851982748362,0.2041400897464358
2,400,1,common_heldout_left,23,3.125,3.893204928886172,5.917455566149004,16.153938489373715,97.96338067637528,3.884115177592557,5.706044887066361,8.874971673854157,32.274930579419994,3.8934246235496444,5.843215712150601,9.860436435254778,52.18542813347534,0.9488392807417115,0.09970401932155096,0.075536111945167,0.3086187529772065,0.9652040445195242,0.0683811524431524,0.07590812142252747,0.2546566349776637,0.9652040445195241,0.06838115244315245,0.06412519034588722,0.2546566349776637,0.9800032497915295,0.03959363039804091,0.05932146852549274,0.19057853012686318
2,400,2,input_128,128,3.125,2.0520294557808874,3.70244435328427,5.567242401639519,34.7250924362579,2.2623842331082504,4.469075087843058,10.793668379050182,36.35289113623355,2.110329197618672,3.807633657149801,10.963472719053927,51.33680646116097,0.9966669397551505,0.006655011199103158,0.028172164319876944,0.07671973315840457,0.9949205687725025,0.010133061833400455,0.028522924613432064,0.09884697642284886,0.9949205687725022,0.010133061833400462,0.018009384336760578,0.09884697642284884,0.9955569624868842,0.008866334443888542,0.018919790297366755,0.09209039616198779
2,400,2,heldout_all_72,23,3.125,2.0520294557808874,3.70244435328427,5.567242401639519,34.7250924362579,2.2623842331082504,4.469075087843058,10.793668379050182,36.35289113623355,2.110329197618672,3.807633657149801,10.963472719053927,51.33680646116097,0.9588956888203333,0.08051905796177851,0.08293268290013994,0.2754748360460935,0.9752184614547054,0.04894895243791759,0.0829307260471884,0.21390464556715638,0.9752184614547054,0.0489489524379176,0.0640666098363705,0.21390464556715638,0.9867122781659162,0.026398880116627277,0.05464986371779399,0.15391725972069784
2,400,2,heldout_near_16,8,3.125,2.0520294557808874,3.70244435328427,5.567242401639519,34.7250924362579,2.2623842331082504,4.469075087843058,10.793668379050182,36.35289113623355,2.110329197618672,3.807633657149801,10.963472719053927,51.33680646116097,0.9971570210854672,0.0056778752999568464,0.05403340601520834,0.0528721428507141,0.9974064506087704,0.0051803722840142565,0.05665255429273324,0.0498343427823159,0.9974064506087706,0.005180372284014266,0.05282000659009973,0.04983434278231599,0.9975460328292519,0.004901912386621211,0.051835561575875454,0.04819459054768281
2,400,2,heldout_far_56,15,3.125,2.0520294557808874,3.70244435328427,5.567242401639519,34.7250924362579,2.2623842331082504,4.469075087843058,10.793668379050182,36.35289113623355,2.110329197618672,3.807633657149801,10.963472719053927,51.33680646116097,0.9735523223353872,0.052195875675374405,0.09283010336177772,0.21436008134696125,0.9782077079704586,0.04310968006718164,0.09707343035702232,0.19629675956284534,0.9782077079704586,0.043109680067181626,0.08039205739344017,0.1962967595628453,0.9852011727090145,0.029378649292782433,0.06017134841267753,0.16335003259484474
2,400,2,heldout_source_ge_5pct,7,3.125,2.0520294557808874,3.70244435328427,5.567242401639519,34.7250924362579,2.2623842331082504,4.469075087843058,10.793668379050182,36.35289113623355,2.110329197618672,3.807633657149801,10.963472719053927,51.33680646116097,0.9977549116631288,0.004485136252102537,0.04549001235062342,0.04904320965471309,0.9979109404868528,0.004173754856644844,0.047074728905334665,0.04609604523727762,0.9979109404868528,0.004173754856644846,0.04566080700487371,0.04609604523727767,0.9979915998667297,0.004012766595445302,0.045470035865935565,0.04468944838275003
2,400,2,heldout_source_lt_5pct,16,3.125,2.0520294557808874,3.70244435328427,5.567242401639519,34.7250924362579,2.2623842331082504,4.469075087843058,10.793668379050182,36.35289113623355,2.110329197618672,3.807633657149801,10.963472719053927,51.33680646116097,0.9699132498900747,0.05926828768767365,0.0949348065677242,0.22964974808275906,0.9748891816698324,0.04959108346312438,0.1006249513761918,0.21148222760025207,0.9748891816698326,0.04959108346312439,0.08255230505468339,0.2114822276002521,0.9823924707216136,0.034905033469483336,0.06313743871079176,0.17847182664613093
2,400,2,heldout_left,23,3.125,2.0520294557808874,3.70244435328427,5.567242401639519,34.7250924362579,2.2623842331082504,4.469075087843058,10.793668379050182,36.35289113623355,2.110329197618672,3.807633657149801,10.963472719053927,51.33680646116097,0.9588956888203333,0.08051905796177851,0.08293268290013994,0.2754748360460935,0.9752184614547054,0.04894895243791759,0.0829307260471884,0.21390464556715638,0.9752184614547054,0.0489489524379176,0.0640666098363705,0.21390464556715638,0.9867122781659162,0.026398880116627277,0.05464986371779399,0.15391725972069784
2,400,2,common_input_128,128,3.125,2.0520294557808874,3.70244435328427,5.567242401639519,34.7250924362579,2.2623842331082504,4.469075087843058,10.793668379050182,36.35289113623355,2.110329197618672,3.807633657149801,10.963472719053927,51.33680646116097,0.9966669397551505,0.006655011199103158,0.028172164319876944,0.07671973315840457,0.9949205687725025,0.010133061833400455,0.028522924613432064,0.09884697642284886,0.9949205687725022,0.010133061833400462,0.018009384336760578,0.09884697642284884,0.9955569624868842,0.008866334443888542,0.018919790297366755,0.09209039616198779
2,400,2,common_heldout_all_72,23,3.125,2.0520294557808874,3.70244435328427,5.567242401639519,34.7250924362579,2.2623842331082504,4.469075087843058,10.793668379050182,36.35289113623355,2.110329197618672,3.807633657149801,10.963472719053927,51.33680646116097,0.9588956888203333,0.08051905796177851,0.08293268290013994,0.2754748360460935,0.9752184614547054,0.04894895243791759,0.0829307260471884,0.21390464556715638,0.9752184614547054,0.0489489524379176,0.0640666098363705,0.21390464556715638,0.9867122781659162,0.026398880116627277,0.05464986371779399,0.15391725972069784
2,400,2,common_heldout_near_16,8,3.125,2.0520294557808874,3.70244435328427,5.567242401639519,34.7250924362579,2.2623842331082504,4.469075087843058,10.793668379050182,36.35289113623355,2.110329197618672,3.807633657149801,10.963472719053927,51.33680646116097,0.9971570210854672,0.0056778752999568464,0.05403340601520834,0.0528721428507141,0.9974064506087704,0.0051803722840142565,0.05665255429273324,0.0498343427823159,0.9974064506087706,0.005180372284014266,0.05282000659009973,0.04983434278231599,0.9975460328292519,0.004901912386621211,0.051835561575875454,0.04819459054768281
2,400,2,common_heldout_far_56,15,3.125,2.0520294557808874,3.70244435328427,5.567242401639519,34.7250924362579,2.2623842331082504,4.469075087843058,10.793668379050182,36.35289113623355,2.110329197618672,3.807633657149801,10.963472719053927,51.33680646116097,0.9735523223353872,0.052195875675374405,0.09283010336177772,0.21436008134696125,0.9782077079704586,0.04310968006718164,0.09707343035702232,0.19629675956284534,0.9782077079704586,0.043109680067181626,0.08039205739344017,0.1962967595628453,0.9852011727090145,0.029378649292782433,0.06017134841267753,0.16335003259484474
2,400,2,common_heldout_source_ge_5pct,7,3.125,2.0520294557808874,3.70244435328427,5.567242401639519,34.7250924362579,2.2623842331082504,4.469075087843058,10.793668379050182,36.35289113623355,2.110329197618672,3.807633657149801,10.963472719053927,51.33680646116097,0.9977549116631288,0.004485136252102537,0.04549001235062342,0.04904320965471309,0.9979109404868528,0.004173754856644844,0.047074728905334665,0.04609604523727762,0.9979109404868528,0.004173754856644846,0.04566080700487371,0.04609604523727767,0.9979915998667297,0.004012766595445302,0.045470035865935565,0.04468944838275003
2,400,2,common_heldout_source_lt_5pct,16,3.125,2.0520294557808874,3.70244435328427,5.567242401639519,34.7250924362579,2.2623842331082504,4.469075087843058,10.793668379050182,36.35289113623355,2.110329197618672,3.807633657149801,10.963472719053927,51.33680646116097,0.9699132498900747,0.05926828768767365,0.0949348065677242,0.22964974808275906,0.9748891816698324,0.04959108346312438,0.1006249513761918,0.21148222760025207,0.9748891816698326,0.04959108346312439,0.08255230505468339,0.2114822276002521,0.9823924707216136,0.034905033469483336,0.06313743871079176,0.17847182664613093
2,400,2,common_heldout_left,23,3.125,2.0520294557808874,3.70244435328427,5.567242401639519,34.7250924362579,2.2623842331082504,4.469075087843058,10.793668379050182,36.35289113623355,2.110329197618672,3.807633657149801,10.963472719053927,51.33680646116097,0.9588956888203333,0.08051905796177851,0.08293268290013994,0.2754748360460935,0.9752184614547054,0.04894895243791759,0.0829307260471884,0.21390464556715638,0.9752184614547054,0.0489489524379176,0.0640666098363705,0.21390464556715638,0.9867122781659162,0.026398880116627277,0.05464986371779399,0.15391725972069784
2,400,3,input_128,128,3.125,3.456304190297709,5.860831727701394,11.21660351321406,65.93868554880403,3.5996132385448494,6.852169485657588,12.551511372570204,36.66388503348064,3.4970439706184613,6.180256528322546,13.365981606801263,43.3601671779429,0.9975022997468923,0.004989161999661164,0.03333550711938508,0.06337025969143151,0.9974152692721467,0.005162780622770911,0.03387556235081203,0.06826094950381757,0.9974152692721467,0.005162780622770909,0.02284907120332905,0.06826094950381759,0.9975429280061832,0.004908106784850659,0.022466610324587032,0.06647101704075963
2,400,3,heldout_all_72,23,3.125,3.456304190297709,5.860831727701394,11.21660351321406,65.93868554880403,3.5996132385448494,6.852169485657588,12.551511372570204,36.66388503348064,3.4970439706184613,6.180256528322546,13.365981606801263,43.3601671779429,0.9700911746187932,0.05892311292673004,0.10777895791920407,0.2251720756421698,0.9809745820705918,0.03768886933142804,0.11980936503721398,0.1815477993114036,0.9809745820705918,0.03768886933142803,0.08335791847938986,0.1815477993114036,0.9888622720355136,0.02215140694476127,0.06359429630657686,0.137835196100792
2,400,3,heldout_near_16,8,3.125,3.456304190297709,5.860831727701394,11.21660351321406,65.93868554880403,3.5996132385448494,6.852169485657588,12.551511372570204,36.66388503348064,3.4970439706184613,6.180256528322546,13.365981606801263,43.3601671779429,0.996529207298428,0.006929539001166769,0.04882555769514348,0.06736156859209122,0.996747781678544,0.006493859718901588,0.04895416263814167,0.06513515398493075,0.996747781678544,0.006493859718901592,0.04727730508214387,0.06513515398493079,0.9968452469742584,0.006299553584829869,0.04697494553674954,0.06384757140024125
2,400,3,heldout_far_56,15,3.125,3.456304190297709,5.860831727701394,11.21660351321406,65.93868554880403,3.5996132385448494,6.852169485657588,12.551511372570204,36.66388503348064,3.4970439706184613,6.180256528322546,13.365981606801263,43.3601671779429,0.9812971952090859,0.037055814674780974,0.10720181063304557,0.16557764733643893,0.9862438975614126,0.02732297452287417,0.11406574060628884,0.14098679000427666,0.9862438975614125,0.027322974522874167,0.09779336814577551,0.14098679000427672,0.9919780920522715,0.015979464888335158,0.08340443523961916,0.10336203199652717
2,400,3,heldout_source_ge_5pct,7,3.125,3.456304190297709,5.860831727701394,11.21660351321406,65.93868554880403,3.5996132385448494,6.852169485657588,12.551511372570204,36.66388503348064,3.4970439706184613,6.180256528322546,13.365981606801263,43.3601671779429,0.997082063141368,0.005827359361752902,0.047485933834428,0.05953292668548006,0.9971920050640666,0.005608105036307061,0.04809150143814872,0.0581827380736954,0.9971920050640664,0.005608105036307066,0.046854092308093655,0.05818273807369543,0.9972202846496844,0.005551703883203052,0.04672174591006756,0.05782579915154311
2,400,3,heldout_source_lt_5pct,16,3.125,3.456304190297709,5.860831727701394,11.21660351321406,65.93868554880403,3.5996132385448494,6.852169485657588,12.551511372570204,36.66388503348064,3.4970439706184613,6.180256528322546,13.365981606801263,43.3601671779429,0.9791714862480259,0.04122320051883221,0.11208600060978213,0.17533483121660948,0.9841064935916372,0.03153440927077301,0.12132178779326364,0.15266848999715651,0.9841064935916372,0.03153440927077301,0.10290713486007416,0.1526684899971565,0.9897603612919345,0.020374427215259706,0.08832575291653819,0.1197221932895665
2,400,3,heldout_left,23,3.125,3.456304190297709,5.860831727701394,11.21660351321406,65.93868554880403,3.5996132385448494,6.852169485657588,12.551511372570204,36.66388503348064,3.4970439706184613,6.180256528322546,13.365981606801263,43.3601671779429,0.9700911746187932,0.05892311292673004,0.10777895791920407,0.2251720756421698,0.9809745820705918,0.03768886933142804,0.11980936503721398,0.1815477993114036,0.9809745820705918,0.03768886933142803,0.08335791847938986,0.1815477993114036,0.9888622720355136,0.02215140694476127,0.06359429630657686,0.137835196100792
2,400,3,common_input_128,128,3.125,3.456304190297709,5.860831727701394,11.21660351321406,65.93868554880403,3.5996132385448494,6.852169485657588,12.551511372570204,36.66388503348064,3.4970439706184613,6.180256528322546,13.365981606801263,43.3601671779429,0.9975022997468923,0.004989161999661164,0.03333550711938508,0.06337025969143151,0.9974152692721467,0.005162780622770911,0.03387556235081203,0.06826094950381757,0.9974152692721467,0.005162780622770909,0.02284907120332905,0.06826094950381759,0.9975429280061832,0.004908106784850659,0.022466610324587032,0.06647101704075963
2,400,3,common_heldout_all_72,23,3.125,3.456304190297709,5.860831727701394,11.21660351321406,65.93868554880403,3.5996132385448494,6.852169485657588,12.551511372570204,36.66388503348064,3.4970439706184613,6.180256528322546,13.365981606801263,43.3601671779429,0.9700911746187932,0.05892311292673004,0.10777895791920407,0.2251720756421698,0.9809745820705918,0.03768886933142804,0.11980936503721398,0.1815477993114036,0.9809745820705918,0.03768886933142803,0.08335791847938986,0.1815477993114036,0.9888622720355136,0.02215140694476127,0.06359429630657686,0.137835196100792
2,400,3,common_heldout_near_16,8,3.125,3.456304190297709,5.860831727701394,11.21660351321406,65.93868554880403,3.5996132385448494,6.852169485657588,12.551511372570204,36.66388503348064,3.4970439706184613,6.180256528322546,13.365981606801263,43.3601671779429,0.996529207298428,0.006929539001166769,0.04882555769514348,0.06736156859209122,0.996747781678544,0.006493859718901588,0.04895416263814167,0.06513515398493075,0.996747781678544,0.006493859718901592,0.04727730508214387,0.06513515398493079,0.9968452469742584,0.006299553584829869,0.04697494553674954,0.06384757140024125
2,400,3,common_heldout_far_56,15,3.125,3.456304190297709,5.860831727701394,11.21660351321406,65.93868554880403,3.5996132385448494,6.852169485657588,12.551511372570204,36.66388503348064,3.4970439706184613,6.180256528322546,13.365981606801263,43.3601671779429,0.9812971952090859,0.037055814674780974,0.10720181063304557,0.16557764733643893,0.9862438975614126,0.02732297452287417,0.11406574060628884,0.14098679000427666,0.9862438975614125,0.027322974522874167,0.09779336814577551,0.14098679000427672,0.9919780920522715,0.015979464888335158,0.08340443523961916,0.10336203199652717
2,400,3,common_heldout_source_ge_5pct,7,3.125,3.456304190297709,5.860831727701394,11.21660351321406,65.93868554880403,3.5996132385448494,6.852169485657588,12.551511372570204,36.66388503348064,3.4970439706184613,6.180256528322546,13.365981606801263,43.3601671779429,0.997082063141368,0.005827359361752902,0.047485933834428,0.05953292668548006,0.9971920050640666,0.005608105036307061,0.04809150143814872,0.0581827380736954,0.9971920050640664,0.005608105036307066,0.046854092308093655,0.05818273807369543,0.9972202846496844,0.005551703883203052,0.04672174591006756,0.05782579915154311
2,400,3,common_heldout_source_lt_5pct,16,3.125,3.456304190297709,5.860831727701394,11.21660351321406,65.93868554880403,3.5996132385448494,6.852169485657588,12.551511372570204,36.66388503348064,3.4970439706184613,6.180256528322546,13.365981606801263,43.3601671779429,0.9791714862480259,0.04122320051883221,0.11208600060978213,0.17533483121660948,0.9841064935916372,0.03153440927077301,0.12132178779326364,0.15266848999715651,0.9841064935916372,0.03153440927077301,0.10290713486007416,0.1526684899971565,0.9897603612919345,0.020374427215259706,0.08832575291653819,0.1197221932895665
2,400,3,common_heldout_left,23,3.125,3.456304190297709,5.860831727701394,11.21660351321406,65.93868554880403,3.5996132385448494,6.852169485657588,12.551511372570204,36.66388503348064,3.4970439706184613,6.180256528322546,13.365981606801263,43.3601671779429,0.9700911746187932,0.05892311292673004,0.10777895791920407,0.2251720756421698,0.9809745820705918,0.03768886933142804,0.11980936503721398,0.1815477993114036,0.9809745820705918,0.03768886933142803,0.08335791847938986,0.1815477993114036,0.9888622720355136,0.02215140694476127,0.06359429630657686,0.137835196100792
3,600,0,input_128,128,4.6875,2.5563888962519346,3.843376706924633,6.445543728966607,50.81046265032609,2.62036478324562,3.840539457820046,6.161188495828054,17.465794645272858,2.6076579541712306,3.847665786853614,6.2120079559215275,24.33160656199402,0.9999998906994803,2.1860102736231827e-07,0.00030101003667131523,0.00035977635501477476,0.9999998967205137,2.0655896159186994e-07,0.00030101285942329796,0.00034366959665165745,0.9999998967205137,2.065589615918615e-07,0.0003024644269356424,0.00034366959665165436,0.9999999019918641,1.960162623239064e-07,0.0002974110264236542,0.00033203489167429087
3,600,0,heldout_all_72,72,4.6875,2.5563888962519346,3.843376706924633,6.445543728966607,50.81046265032609,2.62036478324562,3.840539457820046,6.161188495828054,17.465794645272858,2.6076579541712306,3.847665786853614,6.2120079559215275,24.33160656199402,0.9654131970352815,0.06797735899011687,0.10389722776764718,0.24635580164271362,0.9814563081844199,0.036743515125009084,0.10519493956585048,0.18014909593715805,0.9814563081844198,0.03674351512500909,0.0763441532404275,0.18014909593715808,0.9897604146434146,0.020374321604896228,0.06231871915835737,0.13087710357530688
3,600,0,heldout_near_16,16,4.6875,2.5563888962519346,3.843376706924633,6.445543728966607,50.81046265032609,2.62036478324562,3.840539457820046,6.161188495828054,17.465794645272858,2.6076579541712306,3.847665786853614,6.2120079559215275,24.33160656199402,0.9968180559871742,0.006353763257950978,0.03240164445190138,0.07293552154687978,0.9973482930928294,0.005296382264819751,0.03241899991927989,0.06559579285290922,0.9973482930928294,0.005296382264819749,0.031680699742016996,0.06559579285290923,0.9975244313837957,0.004945008792435086,0.031382543789190545,0.06299652933958154
3,600,0,heldout_far_56,56,4.6875,2.5563888962519346,3.843376706924633,6.445543728966607,50.81046265032609,2.62036478324562,3.840539457820046,6.161188495828054,17.465794645272858,2.6076579541712306,3.847665786853614,6.2120079559215275,24.33160656199402,0.9610862869591857,0.07631314901900535,0.11106520882403721,0.26054868651092944,0.9743889205394582,0.050566231529949726,0.11105869727825429,0.21401155807566755,0.9743889205394579,0.05056623152994973,0.08292632295457678,0.21401155807566755,0.9854045391124638,0.02897789429655268,0.05863057545209158,0.16247619214038309
3,600,0,heldout_source_ge_5pct,23,4.6875,2.5563888962519346,3.843376706924633,6.445543728966607,50.81046265032609,2.62036478324562,3.840539457820046,6.161188495828054,17.465794645272858,2.6076579541712306,3.847665786853614,6.2120079559215275,24.33160656199402,0.9973132497916565,0.005366281790004934,0.04904374440995883,0.054581643489156034,0.9973671679455693,0.0052587323042349665,0.04950629898392153,0.055588320864797876,0.9973671679455691,0.005258732304234962,0.04670644130882025,0.05558832086479787,0.9973886117503259,0.0052159571507572325,0.046404920852099,0.05545662632707906
3,600,0,heldout_source_lt_5pct,49,4.6875,2.5563888962519346,3.843376706924633,6.445543728966607,50.81046265032609,2.62036478324562,3.840539457820046,6.161188495828054,17.465794645272858,2.6076579541712306,3.847665786853614,6.2120079559215275,24.33160656199402,0.9584071562199493,0.08145572290638986,0.11934245974877693,0.26679493557058903,0.9684113995162802,0.062179361286919435,0.11919921376147849,0.2346019574072122,0.9684113995162805,0.062179361286919387,0.09699976146140843,0.23460195740721212,0.9784116107755332,0.04271071989962656,0.07568488781818226,0.19457738258923918
3,600,0,heldout_left,23,4.6875,2.5563888962519346,3.843376706924633,6.445543728966607,50.81046265032609,2.62036478324562,3.840539457820046,6.161188495828054,17.465794645272858,2.6076579541712306,3.847665786853614,6.2120079559215275,24.33160656199402,0.9433230887109127,0.11014155030490376,0.07918027656232626,0.32542391874525356,0.9589420482000885,0.08043014819381916,0.0817873154910909,0.2798437187067494,0.9589420482000888,0.08043014819381913,0.055409132218306546,0.27984371870674934,0.9759935762461821,0.04743653912618809,0.03994365122213897,0.2148849143636878
3,600,0,heldout_right,49,4.6875,2.5563888962519346,3.843376706924633,6.445543728966607,50.81046265032609,2.62036478324562,3.840539457820046,6.161188495828054,17.465794645272858,2.6076579541712306,3.847665786853614,6.2120079559215275,24.33160656199402,0.9938540295810044,0.012254167885600185,0.0827455461710991,0.08715351605233526,0.9955744809298945,0.008831452921171181,0.09046856504292985,0.07306160160669421,0.9955744809298946,0.00883145292117118,0.06771576509173999,0.0730616016066942,0.9964922888746068,0.007003118213447659,0.057709457071354164,0.06434432987067587
3,600,0,common_input_128,128,4.6875,2.5563888962519346,3.843376706924633,6.445543728966607,50.81046265032609,2.62036478324562,3.840539457820046,6.161188495828054,17.465794645272858,2.6076579541712306,3.847665786853614,6.2120079559215275,24.33160656199402,0.9999998906994803,2.1860102736231827e-07,0.00030101003667131523,0.00035977635501477476,0.9999998967205137,2.0655896159186994e-07,0.00030101285942329796,0.00034366959665165745,0.9999998967205137,2.065589615918615e-07,0.0003024644269356424,0.00034366959665165436,0.9999999019918641,1.960162623239064e-07,0.0002974110264236542,0.00033203489167429087
3,600,0,common_heldout_all_72,23,4.6875,2.5563888962519346,3.843376706924633,6.445543728966607,50.81046265032609,2.62036478324562,3.840539457820046,6.161188495828054,17.465794645272858,2.6076579541712306,3.847665786853614,6.2120079559215275,24.33160656199402,0.9433230887109127,0.11014155030490376,0.07918027656232626,0.32542391874525356,0.9589420482000885,0.08043014819381916,0.0817873154910909,0.2798437187067494,0.9589420482000888,0.08043014819381913,0.055409132218306546,0.27984371870674934,0.9759935762461821,0.04743653912618809,0.03994365122213897,0.2148849143636878
3,600,0,common_heldout_near_16,8,4.6875,2.5563888962519346,3.843376706924633,6.445543728966607,50.81046265032609,2.62036478324562,3.840539457820046,6.161188495828054,17.465794645272858,2.6076579541712306,3.847665786853614,6.2120079559215275,24.33160656199402,0.9956027550502875,0.00877515413627721,0.0329202256226653,0.08791500912874543,0.9961925258079272,0.007600451524422443,0.03291923437768554,0.0815700015181491,0.996192525807927,0.007600451524422437,0.031364916231722995,0.08157000151814903,0.9965073252254765,0.006973150771966355,0.030196161943505644,0.07809150805752746
3,600,0,common_heldout_far_56,15,4.6875,2.5563888962519346,3.843376706924633,6.445543728966607,50.81046265032609,2.62036478324562,3.840539457820046,6.161188495828054,17.465794645272858,2.6076579541712306,3.847665786853614,6.2120079559215275,24.33160656199402,0.9750959372744183,0.049187913110923506,0.091360583439042,0.20634570099867552,0.9772152553778456,0.04505034465681203,0.09406423325221783,0.20076145313671323,0.9772152553778458,0.045050344656812014,0.07846966809981953,0.20076145313671317,0.9817688161129636,0.03612999170814971,0.06332425890131348,0.1816482797273789
3,600,0,common_heldout_source_ge_5pct,7,4.6875,2.5563888962519346,3.843376706924633,6.445543728966607,50.81046265032609,2.62036478324562,3.840539457820046,6.161188495828054,17.465794645272858,2.6076579541712306,3.847665786853614,6.2120079559215275,24.33160656199402,0.9971300106632632,0.005731741834680633,0.033300237454894833,0.06824683673820311,0.9974160793794482,0.005161164595330457,0.03336976848258697,0.06482695678649959,0.9974160793794482,0.005161164595330446,0.03151206935694055,0.06482695678649956,0.9975541243523254,0.0048857689876654585,0.030300724007340362,0.06326663443720126
3,600,0,common_heldout_source_lt_5pct,16,4.6875,2.5563888962519346,3.843376706924633,6.445543728966607,50.81046265032609,2.62036478324562,3.840539457820046,6.161188495828054,17.465794645272858,2.6076579541712306,3.847665786853614,6.2120079559215275,24.33160656199402,0.9706349877277773,0.05786772059869762,0.08852134741873326,0.22767634064412154,0.9730645024723871,0.05314547402816597,0.09080771943352636,0.2215247725181471,0.9730645024723868,0.05314547402816596,0.07377875656151539,0.221524772518147,0.9787427185593389,0.04206269086707454,0.057594499324307345,0.19876765759455592
3,600,0,common_heldout_left,23,4.6875,2.5563888962519346,3.843376706924633,6.445543728966607,50.81046265032609,2.62036478324562,3.840539457820046,6.161188495828054,17.465794645272858,2.6076579541712306,3.847665786853614,6.2120079559215275,24.33160656199402,0.9433230887109127,0.11014155030490376,0.07918027656232626,0.32542391874525356,0.9589420482000885,0.08043014819381916,0.0817873154910909,0.2798437187067494,0.9589420482000888,0.08043014819381913,0.055409132218306546,0.27984371870674934,0.9759935762461821,0.04743653912618809,0.03994365122213897,0.2148849143636878
3,600,1,input_128,128,4.6875,1.620689143681446,3.516206449641459,5.737514456421033,32.69554828298438,1.75841453973961,3.6921612015490073,6.265940859725077,15.481676258652003,1.7152695944889758,3.654939255009336,6.236484808632679,16.692711084049975,0.9999998762611757,2.4747763325939514e-07,0.00031182364555819243,0.0003944998905856831,0.9999999006594437,1.9868110277507983e-07,0.0003118267565491526,0.0003474724211449169,0.9999999006594438,1.9868110277506705e-07,0.0002763117347646569,0.0003474724211449044,0.999999899482879,2.0103423192980523e-07,0.0002791769699820377,0.0003487893987761088
3,600,1,heldout_all_72,72,4.6875,1.620689143681446,3.516206449641459,5.737514456421033,32.69554828298438,1.75841453973961,3.6921612015490073,6.265940859725077,15.481676258652003,1.7152695944889758,3.654939255009336,6.236484808632679,16.692711084049975,0.9704289253276213,0.05826770088747823,0.08822323511737579,0.2264309718142764,0.9806547688878787,0.03831622425746116,0.09475256835064427,0.17606088514360296,0.9806547688878786,0.03831622425746116,0.0916818440357573,0.17606088514360296,0.9867539125156262,0.026316716135104237,0.08644989879163766,0.14176821384140492
3,600,1,heldout_near_16,16,4.6875,1.620689143681446,3.516206449641459,5.737514456421033,32.69554828298438,1.75841453973961,3.6921612015490073,6.265940859725077,15.481676258652003,1.7152695944889758,3.654939255009336,6.236484808632679,16.692711084049975,0.9978228518702835,0.004349556285454538,0.04641190682925411,0.04827440534843187,0.9977945829509968,0.004405970233646525,0.04672273396863912,0.049448935295350244,0.9977945829509969,0.004405970233646524,0.04601364284777415,0.049448935295350216,0.997941829764859,0.004112104405564998,0.04472044748997556,0.0480594607061512
3,600,1,heldout_far_56,56,4.6875,1.620689143681446,3.516206449641459,5.737514456421033,32.69554828298438,1.75841453973961,3.6921612015490073,6.265940859725077,15.481676258652003,1.7152695944889758,3.654939255009336,6.236484808632679,16.692711084049975,0.9755299284809236,0.048341358638004345,0.07789959151805508,0.20714940290483028,0.9830448707938289,0.033622782005944554,0.07810858971413677,0.17043693784798475,0.9830448707938289,0.03362278200594455,0.0707301411451591,0.17043693784798475,0.9870367064530707,0.025758540114274756,0.0665933106456893,0.14716925238453343
3,600,1,heldout_source_ge_5pct,23,4.6875,1.620689143681446,3.516206449641459,5.737514456421033,32.69554828298438,1.75841453973961,3.6921612015490073,6.265940859725077,15.481676258652003,1.7152695944889758,3.654939255009336,6.236484808632679,16.692711084049975,0.9940857941103394,0.011793433948016099,0.08170302242170624,0.07501637237898724,0.9947094135598837,0.010553182575352062,0.08385779120499323,0.07221168345447006,0.9947094135598836,0.01055318257535206,0.07668444425918479,0.07221168345447007,0.9953921709637724,0.009194425984028417,0.0714926643918457,0.06868638396900675
3,600,1,heldout_source_lt_5pct,49,4.6875,1.620689143681446,3.516206449641459,5.737514456421033,32.69554828298438,1.75841453973961,3.6921612015490073,6.265940859725077,15.481676258652003,1.7152695944889758,3.654939255009336,6.236484808632679,16.692711084049975,0.9750834239897309,0.049212316260462234,0.07950316649548957,0.208777739464357,0.9813949537827641,0.0368639446897261,0.07975287684218121,0.17906252834188346,0.9813949537827643,0.036863944689726105,0.07281841658019225,0.17906252834188344,0.9843096615529232,0.031134490173569934,0.06820127732560188,0.1642373359991127
3,600,1,heldout_left,23,4.6875,1.620689143681446,3.516206449641459,5.737514456421033,32.69554828298438,1.75841453973961,3.6921612015490073,6.265940859725077,15.481676258652003,1.7152695944889758,3.654939255009336,6.236484808632679,16.692711084049975,0.951042127061677,0.09551887255400136,0.06447175426726949,0.3034600543854147,0.9711845204065989,0.05680062732260431,0.06644520398850831,0.23264315863989735,0.9711845204065988,0.056800627322604325,0.05639521843275585,0.23264315863989735,0.9857890284326333,0.02821999142184433,0.04990062340179712,0.16152872534829466
3,600,1,heldout_right,49,4.6875,1.620689143681446,3.516206449641459,5.737514456421033,32.69554828298438,1.75841453973961,3.6921612015490073,6.265940859725077,15.481676258652003,1.7152695944889758,3.654939255009336,6.236484808632679,16.692711084049975,0.9874357531159048,0.02497063346842621,0.08970812718315037,0.12888349770314228,0.9871392569061151,0.025556087474843173,0.09860943755658386,0.12540791133765444,0.987139256906115,0.025556087474843166,0.09990886215227311,0.12540791133765447,0.9883679453813091,0.02312880454272941,0.10104596509154962,0.11531924486304601
3,600,1,common_input_128,128,4.6875,1.620689143681446,3.516206449641459,5.737514456421033,32.69554828298438,1.75841453973961,3.6921612015490073,6.265940859725077,15.481676258652003,1.7152695944889758,3.654939255009336,6.236484808632679,16.692711084049975,0.9999998762611757,2.4747763325939514e-07,0.00031182364555819243,0.0003944998905856831,0.9999999006594437,1.9868110277507983e-07,0.0003118267565491526,0.0003474724211449169,0.9999999006594438,1.9868110277506705e-07,0.0002763117347646569,0.0003474724211449044,0.999999899482879,2.0103423192980523e-07,0.0002791769699820377,0.0003487893987761088
3,600,1,common_heldout_all_72,23,4.6875,1.620689143681446,3.516206449641459,5.737514456421033,32.69554828298438,1.75841453973961,3.6921612015490073,6.265940859725077,15.481676258652003,1.7152695944889758,3.654939255009336,6.236484808632679,16.692711084049975,0.951042127061677,0.09551887255400136,0.06447175426726949,0.3034600543854147,0.9711845204065989,0.05680062732260431,0.06644520398850831,0.23264315863989735,0.9711845204065988,0.056800627322604325,0.05639521843275585,0.23264315863989735,0.9857890284326333,0.02821999142184433,0.04990062340179712,0.16152872534829466
3,600,1,common_heldout_near_16,8,4.6875,1.620689143681446,3.516206449641459,5.737514456421033,32.69554828298438,1.75841453973961,3.6921612015490073,6.265940859725077,15.481676258652003,1.7152695944889758,3.654939255009336,6.236484808632679,16.692711084049975,0.9985262151938593,0.0029453975706264764,0.03748453932458258,0.03968945822342497,0.9986766676121285,0.0026449135671343885,0.03825717902643097,0.0386754624627978,0.9986766676121281,0.0026449135671343885,0.03486082010967021,0.03867546246279787,0.9987530130537933,0.0024924189159692333,0.03354722870007695,0.03798267872120453
3,600,1,common_heldout_far_56,15,4.6875,1.620689143681446,3.516206449641459,5.737514456421033,32.69554828298438,1.75841453973961,3.6921612015490073,6.265940859725077,15.481676258652003,1.7152695944889758,3.654939255009336,6.236484808632679,16.692711084049975,0.9656183372672301,0.06758122673326987,0.07043001156736052,0.25193186366618736,0.9681502226720116,0.06268514634013476,0.0723743584314937,0.24410389549889103,0.9681502226720113,0.06268514634013476,0.06189502922200992,0.244103895498891,0.975470198349829,0.04845789213134562,0.05132726154392638,0.21517539225710763
3,600,1,common_heldout_source_ge_5pct,7,4.6875,1.620689143681446,3.516206449641459,5.737514456421033,32.69554828298438,1.75841453973961,3.6921612015490073,6.265940859725077,15.481676258652003,1.7152695944889758,3.654939255009336,6.236484808632679,16.692711084049975,0.9985393959098956,0.002919074815900769,0.038203559911700616,0.03901671851853068,0.9987382141533658,0.002521979589744982,0.03868191874872612,0.037403072469023996,0.998738214153366,0.002521979589744984,0.03464867006523523,0.03740307246902405,0.9988247651515982,0.002349088519854795,0.033091877387698615,0.03655200226557254
3,600,1,common_heldout_source_lt_5pct,16,4.6875,1.620689143681446,3.516206449641459,5.737514456421033,32.69554828298438,1.75841453973961,3.6921612015490073,6.265940859725077,15.481676258652003,1.7152695944889758,3.654939255009336,6.236484808632679,16.692711084049975,0.9613932064670851,0.07572310255893654,0.06825269998007438,0.2682027155670339,0.965078860473943,0.0686227930663155,0.06952816696338185,0.25659271153335145,0.9650788604739431,0.0686227930663155,0.05892761933445255,0.25659271153335145,0.9742380804064574,0.05086016268594104,0.048711872909369965,0.22114386469368202
3,600,1,common_heldout_left,23,4.6875,1.620689143681446,3.516206449641459,5.737514456421033,32.69554828298438,1.75841453973961,3.6921612015490073,6.265940859725077,15.481676258652003,1.7152695944889758,3.654939255009336,6.236484808632679,16.692711084049975,0.951042127061677,0.09551887255400136,0.06447175426726949,0.3034600543854147,0.9711845204065989,0.05680062732260431,0.06644520398850831,0.23264315863989735,0.9711845204065988,0.056800627322604325,0.05639521843275585,0.23264315863989735,0.9857890284326333,0.02821999142184433,0.04990062340179712,0.16152872534829466
3,600,2,input_128,128,4.6875,1.429090806007369,2.578485981342183,4.969788425378258,23.243787519705382,1.5279622517531892,3.149448402558383,6.803464946981101,13.938422262631784,1.4944528515537314,2.9224149484694184,6.119013112383186,22.046613162990347,0.9999999285904794,1.428190360850544e-07,0.00021538385527677283,0.00031005295186899894,0.9999999385468582,1.2290627980221605e-07,0.00021538436372314462,0.00027505417638882314,0.9999999385468582,1.229062798022208e-07,0.00021517549949474454,0.0002750541763887967,0.9999999407426163,1.1851476350605056e-07,0.00021737126751671926,0.000267075030955307
3,600,2,heldout_all_72,72,4.6875,1.429090806007369,2.578485981342183,4.969788425378258,23.243787519705382,1.5279622517531892,3.149448402558383,6.803464946981101,13.938422262631784,1.4944528515537314,2.9224149484694184,6.119013112383186,22.046613162990347,0.9709088400980619,0.05733602421943586,0.13417367693545704,0.2210085634154459,0.9790554231582935,0.04145047838433471,0.13998348034291205,0.18469041926029287,0.9790554231582935,0.04145047838433472,0.10596865796443942,0.18469041926029287,0.9853408083802015,0.029103491340650982,0.08403843724410227,0.1515510766400444
3,600,2,heldout_near_16,16,4.6875,1.429090806007369,2.578485981342183,4.969788425378258,23.243787519705382,1.5279622517531892,3.149448402558383,6.803464946981101,13.938422262631784,1.4944528515537314,2.9224149484694184,6.119013112383186,22.046613162990347,0.9963057549315074,0.007374842690359116,0.0532969679876354,0.06734671139636571,0.9966103574606289,0.006767795402197644,0.054587944648356895,0.06541340856786859,0.9966103574606286,0.006767795402197643,0.04999570985967742,0.06541340856786866,0.9966983477695953,0.006592403553358637,0.04972697326495753,0.0645789833726918
3,600,2,heldout_far_56,56,4.6875,1.429090806007369,2.578485981342183,4.969788425378258,23.243787519705382,1.5279622517531892,3.149448402558383,6.803464946981101,13.938422262631784,1.4944528515537314,2.9224149484694184,6.119013112383186,22.046613162990347,0.9774931161944599,0.04450720779244445,0.13755155959569706,0.19139764982042676,0.9842263981788308,0.03129839712792541,0.1370608832396793,0.1620374472470047,0.984226398178831,0.03129839712792543,0.10141318592955685,0.1620374472470047,0.988618553121305,0.022633356424337985,0.06289613836796226,0.1388792087846125
3,600,2,heldout_source_ge_5pct,23,4.6875,1.429090806007369,2.578485981342183,4.969788425378258,23.243787519705382,1.5279622517531892,3.149448402558383,6.803464946981101,13.938422262631784,1.4944528515537314,2.9224149484694184,6.119013112383186,22.046613162990347,0.9936767570848442,0.012606502429347565,0.07210211007335635,0.08707353500004424,0.9941360125048203,0.011693588641015834,0.07490820459796747,0.08428382682061078,0.9941360125048205,0.011693588641015839,0.06922774487691581,0.08428382682061086,0.9947647736648778,0.010443045075464445,0.06660488178460151,0.07942770990251327
3,600,2,heldout_source_lt_5pct,49,4.6875,1.429090806007369,2.578485981342183,4.969788425378258,23.243787519705382,1.5279622517531892,3.149448402558383,6.803464946981101,13.938422262631784,1.4944528515537314,2.9224149484694184,6.119013112383186,22.046613162990347,0.9784550856657034,0.04262564533492118,0.1460598532914894,0.18369786659443488,0.9856447022876844,0.028504520852221937,0.14530175977319254,0.14946123016004778,0.9856447022876845,0.02850452085222193,0.11363122015717986,0.14946123016004778,0.9903102265310987,0.019285655227923994,0.06896377232111302,0.12393331586806014
3,600,2,heldout_left,23,4.6875,1.429090806007369,2.578485981342183,4.969788425378258,23.243787519705382,1.5279622517531892,3.149448402558383,6.803464946981101,13.938422262631784,1.4944528515537314,2.9224149484694184,6.119013112383186,22.046613162990347,0.9613069339684828,0.075888978704115,0.07485262522680002,0.2680378531679227,0.9765333781986122,0.046382561264006354,0.07598108990425165,0.20748619198313561,0.9765333781986122,0.04638256126400635,0.06327385044797554,0.20748619198313556,0.987216534377934,0.02540351425082111,0.05736507114198832,0.14979874678833704
3,600,2,heldout_right,49,4.6875,1.429090806007369,2.578485981342183,4.969788425378258,23.243787519705382,1.5279622517531892,3.149448402558383,6.803464946981101,13.938422262631784,1.4944528515537314,2.9224149484694184,6.119013112383186,22.046613162990347,0.9802389645800941,0.03913157231894521,0.14081719665505843,0.17464326702526,0.9816600557962435,0.03634353485411621,0.1488801021590145,0.16828330083918727,0.9816600557962435,0.0363435348541162,0.1109327527328305,0.16828330083918724,0.9845290027080286,0.030702642826734836,0.08802996426439766,0.15314215702539283
3,600,2,common_input_128,128,4.6875,1.429090806007369,2.578485981342183,4.969788425378258,23.243787519705382,1.5279622517531892,3.149448402558383,6.803464946981101,13.938422262631784,1.4944528515537314,2.9224149484694184,6.119013112383186,22.046613162990347,0.9999999285904794,1.428190360850544e-07,0.00021538385527677283,0.00031005295186899894,0.9999999385468582,1.2290627980221605e-07,0.00021538436372314462,0.00027505417638882314,0.9999999385468582,1.229062798022208e-07,0.00021517549949474454,0.0002750541763887967,0.9999999407426163,1.1851476350605056e-07,0.00021737126751671926,0.000267075030955307
3,600,2,common_heldout_all_72,23,4.6875,1.429090806007369,2.578485981342183,4.969788425378258,23.243787519705382,1.5279622517531892,3.149448402558383,6.803464946981101,13.938422262631784,1.4944528515537314,2.9224149484694184,6.119013112383186,22.046613162990347,0.9613069339684828,0.075888978704115,0.07485262522680002,0.2680378531679227,0.9765333781986122,0.046382561264006354,0.07598108990425165,0.20748619198313561,0.9765333781986122,0.04638256126400635,0.06327385044797554,0.20748619198313556,0.987216534377934,0.02540351425082111,0.05736507114198832,0.14979874678833704
3,600,2,common_heldout_near_16,8,4.6875,1.429090806007369,2.578485981342183,4.969788425378258,23.243787519705382,1.5279622517531892,3.149448402558383,6.803464946981101,13.938422262631784,1.4944528515537314,2.9224149484694184,6.119013112383186,22.046613162990347,0.9969683799969473,0.006054049286262541,0.05650612307744879,0.05479469171720132,0.9971079899798502,0.0057756563183427095,0.05902144003408385,0.05595384450599393,0.9971079899798502,0.005775656318342714,0.05294800115209587,0.05595384450599392,0.9972384531977214,0.005515467463816216,0.051268273936535026,0.05514979450668171
3,600,2,common_heldout_far_56,15,4.6875,1.429090806007369,2.578485981342183,4.969788425378258,23.243787519705382,1.5279622517531892,3.149448402558383,6.803464946981101,13.938422262631784,1.4944528515537314,2.9224149484694184,6.119013112383186,22.046613162990347,0.9745212154140116,0.050308400707997816,0.08293247861712691,0.2135233662574146,0.9796684337694115,0.040249759875788466,0.08449012513559016,0.19237785431229495,0.9796684337694114,0.040249759875788445,0.0689754323363287,0.1923778543122949,0.986917543623266,0.025993762088618748,0.04988554742594672,0.15535297480597757
3,600,2,common_heldout_source_ge_5pct,7,4.6875,1.429090806007369,2.578485981342183,4.969788425378258,23.243787519705382,1.5279622517531892,3.149448402558383,6.803464946981101,13.938422262631784,1.4944528515537314,2.9224149484694184,6.119013112383186,22.046613162990347,0.9973645809851,0.0052638925964160095,0.046268893702465196,0.05617939501846119,0.9974827807785734,0.005028102050244625,0.0476451405889424,0.05603481061070605,0.9974827807785734,0.005028102050244625,0.04397064707133655,0.056034810610706025,0.9975791585503049,0.0048358224260657305,0.043257655151027724,0.054901294036700785
3,600,2,common_heldout_source_lt_5pct,16,4.6875,1.429090806007369,2.578485981342183,4.969788425378258,23.243787519705382,1.5279622517531892,3.149448402558383,6.803464946981101,13.938422262631784,1.4944528515537314,2.9224149484694184,6.119013112383186,22.046613162990347,0.9707077921628487,0.057726382234327814,0.08256273194614434,0.23045830815268425,0.9758941592741871,0.047630589894527744,0.08482906578551462,0.21089012321768685,0.975894159274187,0.04763058989452775,0.06821998829331777,0.21089012321768688,0.983329840064977,0.03306242563778614,0.049556458435431536,0.1766369782296155
3,600,2,common_heldout_left,23,4.6875,1.429090806007369,2.578485981342183,4.969788425378258,23.243787519705382,1.5279622517531892,3.149448402558383,6.803464946981101,13.938422262631784,1.4944528515537314,2.9224149484694184,6.119013112383186,22.046613162990347,0.9613069339684828,0.075888978704115,0.07485262522680002,0.2680378531679227,0.9765333781986122,0.046382561264006354,0.07598108990425165,0.20748619198313561,0.9765333781986122,0.04638256126400635,0.06327385044797554,0.20748619198313556,0.987216534377934,0.02540351425082111,0.05736507114198832,0.14979874678833704
3,600,3,input_128,128,4.6875,2.85422430120328,4.8542110428733,7.401290818511618,16.108464454032454,3.0314089994112323,5.394429941354537,7.902307903202175,16.246988999041616,2.9795739152875202,5.143030904406735,7.785399429863782,17.292515588546276,0.9999997518433907,4.963131570860113e-07,0.0004517063327643541,0.000555643873662026,0.999999819458032,3.610839034150609e-07,0.0004517100736234912,0.0005069578882992698,0.9999998194580322,3.6108390341505734e-07,0.00032676627107022967,0.0005069578882992565,0.9999998276576548,3.44684660348664e-07,0.00032260589249218834,0.0004932178140456211
3,600,3,heldout_all_72,72,4.6875,2.85422430120328,4.8542110428733,7.401290818511618,16.108464454032454,3.0314089994112323,5.394429941354537,7.902307903202175,16.246988999041616,2.9795739152875202,5.143030904406735,7.785399429863782,17.292515588546276,0.9656620765162226,0.06749675397837719,0.11475914886874591,0.2399052952416295,0.9829642128509126,0.03378135625438597,0.11426057116385274,0.16800189898390747,0.9829642128509126,0.03378135625438597,0.08401874276886594,0.16800189898390744,0.9892765931884314,0.021331822169490776,0.07053969164156337,0.1307156661730297
3,600,3,heldout_near_16,16,4.6875,2.85422430120328,4.8542110428733,7.401290818511618,16.108464454032454,3.0314089994112323,5.394429941354537,7.902307903202175,16.246988999041616,2.9795739152875202,5.143030904406735,7.785399429863782,17.292515588546276,0.997020467912581,0.005950186563378198,0.04222384678462263,0.06461974551239319,0.9973719941170089,0.005249105351061305,0.04221167798550151,0.05862827526600618,0.9973719941170088,0.005249105351061303,0.04230934784236095,0.05862827526600612,0.9974152219174687,0.0051628750873267595,0.04266599806747273,0.05770895387330318
3,600,3,heldout_far_56,56,4.6875,2.85422430120328,4.8542110428733,7.401290818511618,16.108464454032454,3.0314089994112323,5.394429941354537,7.902307903202175,16.246988999041616,2.9795739152875202,5.143030904406735,7.785399429863782,17.292515588546276,0.9527801185685825,0.09221004566043785,0.12719992999494417,0.280498194577464,0.9673248759927702,0.06428258428557164,0.12802030229277334,0.23547641881019754,0.9673248759927703,0.06428258428557164,0.10064217300824915,0.23547641881019757,0.9760604705079059,0.047305957911884716,0.08258047937473084,0.20251983266818194
3,600,3,heldout_source_ge_5pct,23,4.6875,2.85422430120328,4.8542110428733,7.401290818511618,16.108464454032454,3.0314089994112323,5.394429941354537,7.902307903202175,16.246988999041616,2.9795739152875202,5.143030904406735,7.785399429863782,17.292515588546276,0.9960626161027495,0.007859264802546314,0.06293113706383396,0.06292806518381154,0.9966258772394896,0.00673686081661775,0.06345819184987313,0.05804181578100297,0.9966258772394894,0.0067368608166177525,0.058650223257231786,0.058041815781002995,0.9966646024350821,0.00665967025291999,0.058755115241561746,0.057573666885242486
3,600,3,heldout_source_lt_5pct,49,4.6875,2.85422430120328,4.8542110428733,7.401290818511618,16.108464454032454,3.0314089994112323,5.394429941354537,7.902307903202175,16.246988999041616,2.9795739152875202,5.143030904406735,7.785399429863782,17.292515588546276,0.9506596880753105,0.09624615746855342,0.13241768851525051,0.28665770441150057,0.9614025575443563,0.07570512234717061,0.1311552359419674,0.2562731706276114,0.9614025575443562,0.07570512234717061,0.11006042556814112,0.25627317062761146,0.9686051790348426,0.061804007146880356,0.09409191402025358,0.23295223411252308
3,600,3,heldout_left,23,4.6875,2.85422430120328,4.8542110428733,7.401290818511618,16.108464454032454,3.0314089994112323,5.394429941354537,7.902307903202175,16.246988999041616,2.9795739152875202,5.143030904406735,7.785399429863782,17.292515588546276,0.9625166556338467,0.07356168762743513,0.11227879092348943,0.2552483081002127,0.9751118065777578,0.04915696467266135,0.12285610446418907,0.21179506827019026,0.9751118065777581,0.04915696467266134,0.08173591682115866,0.21179506827019023,0.9854246634599799,0.028938232644785632,0.05859476053450081,0.1624121727235964
3,600,3,heldout_right,49,4.6875,2.85422430120328,4.8542110428733,7.401290818511618,16.108464454032454,3.0314089994112323,5.394429941354537,7.902307903202175,16.246988999041616,2.9795739152875202,5.143030904406735,7.785399429863782,17.292515588546276,0.9967231176825511,0.006543026677175373,0.06423643763048727,0.0572469208717818,0.9971142324848702,0.00576320737610801,0.06627576835724425,0.055003892506950744,0.9971142324848704,0.005763207376108009,0.05624643350403221,0.05500389250695079,0.9973017238574212,0.005389271591015652,0.052881416989103334,0.05287029470922363
3,600,3,common_input_128,128,4.6875,2.85422430120328,4.8542110428733,7.401290818511618,16.108464454032454,3.0314089994112323,5.394429941354537,7.902307903202175,16.246988999041616,2.9795739152875202,5.143030904406735,7.785399429863782,17.292515588546276,0.9999997518433907,4.963131570860113e-07,0.0004517063327643541,0.000555643873662026,0.999999819458032,3.610839034150609e-07,0.0004517100736234912,0.0005069578882992698,0.9999998194580322,3.6108390341505734e-07,0.00032676627107022967,0.0005069578882992565,0.9999998276576548,3.44684660348664e-07,0.00032260589249218834,0.0004932178140456211
3,600,3,common_heldout_all_72,23,4.6875,2.85422430120328,4.8542110428733,7.401290818511618,16.108464454032454,3.0314089994112323,5.394429941354537,7.902307903202175,16.246988999041616,2.9795739152875202,5.143030904406735,7.785399429863782,17.292515588546276,0.9625166556338467,0.07356168762743513,0.11227879092348943,0.2552483081002127,0.9751118065777578,0.04915696467266135,0.12285610446418907,0.21179506827019026,0.9751118065777581,0.04915696467266134,0.08173591682115866,0.21179506827019023,0.9854246634599799,0.028938232644785632,0.05859476053450081,0.1624121727235964
3,600,3,common_heldout_near_16,8,4.6875,2.85422430120328,4.8542110428733,7.401290818511618,16.108464454032454,3.0314089994112323,5.394429941354537,7.902307903202175,16.246988999041616,2.9795739152875202,5.143030904406735,7.785399429863782,17.292515588546276,0.9972215632636628,0.00554915376197644,0.033743776869209915,0.06623437945343708,0.9971945072419957,0.005603114726393868,0.03422402558410536,0.06417459686167801,0.9971945072419954,0.005603114726393866,0.03827486337282686,0.06417459686167798,0.9972703583470814,0.0054518323622833416,0.03938423798564432,0.062325632062594664
3,600,3,common_heldout_far_56,15,4.6875,2.85422430120328,4.8542110428733,7.401290818511618,16.108464454032454,3.0314089994112323,5.394429941354537,7.902307903202175,16.246988999041616,2.9795739152875202,5.143030904406735,7.785399429863782,17.292515588546276,0.9799965452383127,0.039606771320972095,0.12128236830326064,0.16668790630154273,0.984684526327748,0.0303963836106985,0.12783774412792354,0.14762921402308662,0.984684526327748,0.030396383610698498,0.10715797352425827,0.14762921402308662,0.9906477351487165,0.018617064844718513,0.08745506385773918,0.1139058739535042
3,600,3,common_heldout_source_ge_5pct,7,4.6875,2.85422430120328,4.8542110428733,7.401290818511618,16.108464454032454,3.0314089994112323,5.394429941354537,7.902307903202175,16.246988999041616,2.9795739152875202,5.143030904406735,7.785399429863782,17.292515588546276,0.9978275531988554,0.004340174077185073,0.03557532062694248,0.055310415157844545,0.9976756289654451,0.0046433393684036876,0.03628706674793639,0.0552708765021674,0.9976756289654449,0.00464333936840369,0.0397253441489034,0.055270876502167415,0.9976798618720082,0.004634893215050527,0.040557863576671516,0.054607406623258255
3,600,3,common_heldout_source_lt_5pct,16,4.6875,2.85422430120328,4.8542110428733,7.401290818511618,16.108464454032454,3.0314089994112323,5.394429941354537,7.902307903202175,16.246988999041616,2.9795739152875202,5.143030904406735,7.785399429863782,17.292515588546276,0.9770902503078877,0.04529464275326948,0.12109609672229878,0.1838743915836034,0.9816557948347449,0.036351900467365174,0.1285751767400086,0.16845575846617702,0.9816557948347451,0.036351900467365195,0.10487350230988754,0.1684557584661771,0.9875033038068805,0.024837224970496348,0.0832353875816327,0.1409471464779942
3,600,3,common_heldout_left,23,4.6875,2.85422430120328,4.8542110428733,7.401290818511618,16.108464454032454,3.0314089994112323,5.394429941354537,7.902307903202175,16.246988999041616,2.9795739152875202,5.143030904406735,7.785399429863782,17.292515588546276,0.9625166556338467,0.07356168762743513,0.11227879092348943,0.2552483081002127,0.9751118065777578,0.04915696467266135,0.12285610446418907,0.21179506827019026,0.9751118065777581,0.04915696467266134,0.08173591682115866,0.21179506827019023,0.9854246634599799,0.028938232644785632,0.05859476053450081,0.1624121727235964
4,800,0,input_128,128,6.25,1.310338654866588,2.7019844213274915,3.8350831724949406,20.988169501838083,1.4169431081180435,2.7767198521431857,3.9943960819806064,12.707130012022722,1.4169431081180435,2.7767198521431857,3.9943960819806064,12.707130012022722,0.9999999414015388,1.1719691893562506e-07,0.00022143880642974535,0.00026230485025546596,0.9999999434178786,1.1316423933098982e-07,0.0002214404286288892,0.00025348391594059614,0.9999999434178787,1.1316423933098187e-07,0.00022484052757206226,0.0002534839159406053,0.9999999464071272,1.0718574277786374e-07,0.00022115910865726473,0.00024441628429688737
4,800,0,heldout_all_72,72,6.25,1.310338654866588,2.7019844213274915,3.8350831724949406,20.988169501838083,1.4169431081180435,2.7767198521431857,3.9943960819806064,12.707130012022722,1.4169431081180435,2.7767198521431857,3.9943960819806064,12.707130012022722,0.9652427127415646,0.06830650549930556,0.10411561149057025,0.24695447337825724,0.9813525973933792,0.03694707958926806,0.10542099144509527,0.18063668280358472,0.9813525973933793,0.03694707958926807,0.07656496039549152,0.18063668280358475,0.9896974733135087,0.02049891131685681,0.06254628003477085,0.1312556385464649
4,800,0,heldout_near_16,16,6.25,1.310338654866588,2.7019844213274915,3.8350831724949406,20.988169501838083,1.4169431081180435,2.7767198521431857,3.9943960819806064,12.707130012022722,1.4169431081180435,2.7767198521431857,3.9943960819806064,12.707130012022722,0.9967799656802231,0.006429700018533787,0.032657947134054024,0.07333817845397043,0.9973242444272551,0.005344351477604929,0.03267941784178465,0.06585081914466182,0.997324244427255,0.005344351477604932,0.031900635634452834,0.06585081914466183,0.9975041783111916,0.004985414251713968,0.031595688783665976,0.0632067039615717
4,800,0,heldout_far_56,56,6.25,1.310338654866588,2.7019844213274915,3.8350831724949406,20.988169501838083,1.4169431081180435,2.7767198521431857,3.9943960819806064,12.707130012022722,1.4169431081180435,2.7767198521431857,3.9943960819806064,12.707130012022722,0.9608630336630465,0.07674223053984697,0.1112429142923579,0.26131354556564806,0.9742017244757661,0.05093100002844325,0.11123060759699085,0.21479902308384763,0.9742017244757661,0.050931000028443245,0.08311273029270967,0.21479902308384763,0.9852703572840502,0.029242323057359677,0.05882309184607106,0.1632226567288697
4,800,0,heldout_source_ge_5pct,23,6.25,1.310338654866588,2.7019844213274915,3.8350831724949406,20.988169501838083,1.4169431081180435,2.7767198521431857,3.9943960819806064,12.707130012022722,1.4169431081180435,2.7767198521431857,3.9943960819806064,12.707130012022722,0.9972950455923207,0.005402592037011396,0.049340300699469375,0.05464706018254212,0.9973565309557553,0.005279950159901857,0.04979657874278983,0.055567336627145865,0.9973565309557553,0.005279950159901857,0.046956699057262616,0.055567336627145886,0.997379597116577,0.005233939255574496,0.04665026041373912,0.05541148719672648
4,800,0,heldout_source_lt_5pct,49,6.25,1.310338654866588,2.7019844213274915,3.8350831724949406,20.988169501838083,1.4169431081180435,2.7767198521431857,3.9943960819806064,12.707130012022722,1.4169431081180435,2.7767198521431857,3.9943960819806064,12.707130012022722,0.958192748652401,0.08186665642995691,0.11955041187002269,0.2674954922895057,0.9682140454666086,0.06256156216118403,0.11940312679311836,0.23532860580046375,0.9682140454666085,0.06256156216118403,0.09724520850194629,0.23532860580046372,0.9782372331910147,0.04305191559878814,0.07598004462082587,0.19534201353558595
4,800,0,heldout_left,23,6.25,1.310338654866588,2.7019844213274915,3.8350831724949406,20.988169501838083,1.4169431081180435,2.7767198521431857,3.9943960819806064,12.707130012022722,1.4169431081180435,2.7767198521431857,3.9943960819806064,12.707130012022722,0.9433294331308241,0.1101295805890782,0.07893900606918652,0.32544516176818056,0.9588878939631776,0.08053400681086226,0.0814856861698479,0.28003922182037105,0.9588878939631774,0.08053400681086226,0.05529052988057461,0.28003922182037105,0.9759280103847797,0.04756451854640544,0.039966651179062125,0.21517229130915724
4,800,0,heldout_right,49,6.25,1.310338654866588,2.7019844213274915,3.8350831724949406,20.988169501838083,1.4169431081180435,2.7767198521431857,3.9943960819806064,12.707130012022722,1.4169431081180435,2.7767198521431857,3.9943960819806064,12.707130012022722,0.9938594084642025,0.012243476207185463,0.08281571768775954,0.0870824828445289,0.9955787776764466,0.008822897440272771,0.0905286229155132,0.07305315246882467,0.9955787776764463,0.008822897440272773,0.06769141146305138,0.0730531524688247,0.996496546436324,0.006994632940478867,0.05763923644897744,0.06434937149863333
4,800,0,common_input_128,128,6.25,1.310338654866588,2.7019844213274915,3.8350831724949406,20.988169501838083,1.4169431081180435,2.7767198521431857,3.9943960819806064,12.707130012022722,1.4169431081180435,2.7767198521431857,3.9943960819806064,12.707130012022722,0.9999999414015388,1.1719691893562506e-07,0.00022143880642974535,0.00026230485025546596,0.9999999434178786,1.1316423933098982e-07,0.0002214404286288892,0.00025348391594059614,0.9999999434178787,1.1316423933098187e-07,0.00022484052757206226,0.0002534839159406053,0.9999999464071272,1.0718574277786374e-07,0.00022115910865726473,0.00024441628429688737
4,800,0,common_heldout_all_72,23,6.25,1.310338654866588,2.7019844213274915,3.8350831724949406,20.988169501838083,1.4169431081180435,2.7767198521431857,3.9943960819806064,12.707130012022722,1.4169431081180435,2.7767198521431857,3.9943960819806064,12.707130012022722,0.9433294331308241,0.1101295805890782,0.07893900606918652,0.32544516176818056,0.9588878939631776,0.08053400681086226,0.0814856861698479,0.28003922182037105,0.9588878939631774,0.08053400681086226,0.05529052988057461,0.28003922182037105,0.9759280103847797,0.04756451854640544,0.039966651179062125,0.21517229130915724
4,800,0,common_heldout_near_16,8,6.25,1.310338654866588,2.7019844213274915,3.8350831724949406,20.988169501838083,1.4169431081180435,2.7767198521431857,3.9943960819806064,12.707130012022722,1.4169431081180435,2.7767198521431857,3.9943960819806064,12.707130012022722,0.9955707231488989,0.00883893520877882,0.03310295545037158,0.08820960466702643,0.9961604504676371,0.007664356924114136,0.0331015767254694,0.08189203811607083,0.9961604504676371,0.007664356924114124,0.031545574724347804,0.0818920381160708,0.9964758191511833,0.007035941846978304,0.03037643324721337,0.07842353712592888
4,800,0,common_heldout_far_56,15,6.25,1.310338654866588,2.7019844213274915,3.8350831724949406,20.988169501838083,1.4169431081180435,2.7767198521431857,3.9943960819806064,12.707130012022722,1.4169431081180435,2.7767198521431857,3.9943960819806064,12.707130012022722,0.9751771831143753,0.04902946153311227,0.09112436517655752,0.20605562593072232,0.9772787902855654,0.04492616605798183,0.09378224079469293,0.20053020100200977,0.9772787902855654,0.04492616605798181,0.07822734434849586,0.20053020100200972,0.9818057228958266,0.0360575224890031,0.06312228262164517,0.18150342189795127
4,800,0,common_heldout_source_ge_5pct,7,6.25,1.310338654866588,2.7019844213274915,3.8350831724949406,20.988169501838083,1.4169431081180435,2.7767198521431857,3.9943960819806064,12.707130012022722,1.4169431081180435,2.7767198521431857,3.9943960819806064,12.707130012022722,0.9970972418521202,0.0057970902908948295,0.03351342953391674,0.06862179125958985,0.9973854470434459,0.005222270025945892,0.0335803055703031,0.06520229458297006,0.997385447043446,0.0052222700259458915,0.03170818287664119,0.0652022945829701,0.9975243991693458,0.004945073061835552,0.030493085828967564,0.06364252761586114
4,800,0,common_heldout_source_lt_5pct,16,6.25,1.310338654866588,2.7019844213274915,3.8350831724949406,20.988169501838083,1.4169431081180435,2.7767198521431857,3.9943960819806064,12.707130012022722,1.4169431081180435,2.7767198521431857,3.9943960819806064,12.707130012022722,0.9707070137194225,0.0577278935159207,0.08828566359446699,0.22744797491102517,0.9731113090790698,0.05305438014241909,0.09052549273116825,0.22137795389087322,0.9731113090790698,0.05305438014241908,0.07355140925185198,0.2213779538908732,0.9787586742686034,0.042031457543965735,0.05742624201222899,0.19872420299604965
4,800,0,common_heldout_left,23,6.25,1.310338654866588,2.7019844213274915,3.8350831724949406,20.988169501838083,1.4169431081180435,2.7767198521431857,3.9943960819806064,12.707130012022722,1.4169431081180435,2.7767198521431857,3.9943960819806064,12.707130012022722,0.9433294331308241,0.1101295805890782,0.07893900606918652,0.32544516176818056,0.9588878939631776,0.08053400681086226,0.0814856861698479,0.28003922182037105,0.9588878939631774,0.08053400681086226,0.05529052988057461,0.28003922182037105,0.9759280103847797,0.04756451854640544,0.039966651179062125,0.21517229130915724
4,800,1,input_128,128,6.25,1.1612544516279975,2.5074195887242055,3.94665993493749,10.938373403370983,1.228884288768981,2.954454969755299,4.194322666670001,12.983628360438829,1.228884288768981,2.954454969755299,4.194322666670001,12.983628360438829,0.999999933947377,1.3210524159754294e-07,0.0002289860661811335,0.00028754763258084814,0.9999999445626065,1.1087478410400861e-07,0.0002289881714861575,0.0002607204636703779,0.9999999445626063,1.1087478410400994e-07,0.00020553894743450637,0.0002607204636703886,0.9999999440523833,1.1189523033509673e-07,0.00020711801117210152,0.00026149700669284145
4,800,1,heldout_all_72,72,6.25,1.1612544516279975,2.5074195887242055,3.94665993493749,10.938373403370983,1.228884288768981,2.954454969755299,4.194322666670001,12.983628360438829,1.228884288768981,2.954454969755299,4.194322666670001,12.983628360438829,0.970403275998688,0.058317481931014284,0.0885728714289315,0.22641176906561225,0.9806163747493902,0.038391525573362985,0.09519618851210743,0.17602131784527303,0.9806163747493906,0.03839152557336298,0.09229356634519736,0.176021317845273,0.9867344461457145,0.026355132789510193,0.08697486695497933,0.14167611412762673
4,800,1,heldout_near_16,16,6.25,1.1612544516279975,2.5074195887242055,3.94665993493749,10.938373403370983,1.228884288768981,2.954454969755299,4.194322666670001,12.983628360438829,1.228884288768981,2.954454969755299,4.194322666670001,12.983628360438829,0.9978051886352396,0.00438480553259395,0.04698511620118077,0.04814946060367176,0.9977759813375989,0.0044430910657913695,0.04727289490212232,0.04931640050089083,0.9977759813375989,0.004443091065791369,0.046586381145535705,0.049316400500890846,0.9979249475260406,0.004145799105149346,0.04533461957577371,0.04790591759396216
4,800,1,heldout_far_56,56,6.25,1.1612544516279975,2.5074195887242055,3.94665993493749,10.938373403370983,1.228884288768981,2.954454969755299,4.194322666670001,12.983628360438829,1.228884288768981,2.954454969755299,4.194322666670001,12.983628360438829,0.9755173946137188,0.04836581280606226,0.07799333147735103,0.20716858927692308,0.9830153954518276,0.03368073230468738,0.0781952061629386,0.17051330330679282,0.9830153954518274,0.03368073230468738,0.07097295331059576,0.1705133033067928,0.9870057374365734,0.025819674267286177,0.06687515120230124,0.14726911623198619
4,800,1,heldout_source_ge_5pct,23,6.25,1.1612544516279975,2.5074195887242055,3.94665993493749,10.938373403370983,1.228884288768981,2.954454969755299,4.194322666670001,12.983628360438829,1.228884288768981,2.954454969755299,4.194322666670001,12.983628360438829,0.9940761822554034,0.011812543872521987,0.08202718545022311,0.07490535956790727,0.9946978978237366,0.010576092065039523,0.08416773897453228,0.07207295055611845,0.9946978978237365,0.010576092065039521,0.07705670868584878,0.07207295055611845,0.9953891522573678,0.009200435568358931,0.0718001834449243,0.06850803491132837
4,800,1,heldout_source_lt_5pct,49,6.25,1.1612544516279975,2.5074195887242055,3.94665993493749,10.938373403370983,1.228884288768981,2.954454969755299,4.194322666670001,12.983628360438829,1.228884288768981,2.954454969755299,4.194322666670001,12.983628360438829,0.9750794441719178,0.04922007755338363,0.07955360190986592,0.20876981425017332,0.9813850891571729,0.036883306779967644,0.07982563108351282,0.1790844710736674,0.9813850891571732,0.036883306779967644,0.07292552289412765,0.17908447107366737,0.9842975455258138,0.031158341871858487,0.06826276613823759,0.16430150945165453
4,800,1,heldout_left,23,6.25,1.1612544516279975,2.5074195887242055,3.94665993493749,10.938373403370983,1.228884288768981,2.954454969755299,4.194322666670001,12.983628360438829,1.228884288768981,2.954454969755299,4.194322666670001,12.983628360438829,0.9510900364621727,0.09542774254238293,0.06456787698457174,0.30329928340827805,0.9712319458256153,0.056708507407788884,0.06651088574732157,0.2324550521735192,0.9712319458256153,0.05670850740778888,0.05637683487264506,0.23245505217351917,0.985819205534871,0.028160493998595746,0.04983168947235149,0.1613693781710451
4,800,1,heldout_right,49,6.25,1.1612544516279975,2.5074195887242055,3.94665993493749,10.938373403370983,1.228884288768981,2.954454969755299,4.194322666670001,12.983628360438829,1.228884288768981,2.954454969755299,4.194322666670001,12.983628360438829,0.9873349625762049,0.025169671674644085,0.09042220549752128,0.12905428400653793,0.987020076900772,0.025791367794794337,0.09953712138058028,0.1255314236483083,0.9870200769007716,0.025791367794794334,0.10093581061821205,0.12553142364830833,0.9882585027348214,0.02334513177232889,0.10209365551853941,0.11538834140744558
4,800,1,common_input_128,128,6.25,1.1612544516279975,2.5074195887242055,3.94665993493749,10.938373403370983,1.228884288768981,2.954454969755299,4.194322666670001,12.983628360438829,1.228884288768981,2.954454969755299,4.194322666670001,12.983628360438829,0.999999933947377,1.3210524159754294e-07,0.0002289860661811335,0.00028754763258084814,0.9999999445626065,1.1087478410400861e-07,0.0002289881714861575,0.0002607204636703779,0.9999999445626063,1.1087478410400994e-07,0.00020553894743450637,0.0002607204636703886,0.9999999440523833,1.1189523033509673e-07,0.00020711801117210152,0.00026149700669284145
4,800,1,common_heldout_all_72,23,6.25,1.1612544516279975,2.5074195887242055,3.94665993493749,10.938373403370983,1.228884288768981,2.954454969755299,4.194322666670001,12.983628360438829,1.228884288768981,2.954454969755299,4.194322666670001,12.983628360438829,0.9510900364621727,0.09542774254238293,0.06456787698457174,0.30329928340827805,0.9712319458256153,0.056708507407788884,0.06651088574732157,0.2324550521735192,0.9712319458256153,0.05670850740778888,0.05637683487264506,0.23245505217351917,0.985819205534871,0.028160493998595746,0.04983168947235149,0.1613693781710451
4,800,1,common_heldout_near_16,8,6.25,1.1612544516279975,2.5074195887242055,3.94665993493749,10.938373403370983,1.228884288768981,2.954454969755299,4.194322666670001,12.983628360438829,1.228884288768981,2.954454969755299,4.194322666670001,12.983628360438829,0.9985414241640491,0.0029150242284324344,0.037243807181001426,0.03953487555124385,0.9986898168782536,0.0026186496636804164,0.03801562570890587,0.038553816620808916,0.9986898168782535,0.002618649663680416,0.034615222896715515,0.03855381662080898,0.9987653098841996,0.0024678557719188107,0.03329960140178268,0.03787190702442986
4,800,1,common_heldout_far_56,15,6.25,1.1612544516279975,2.5074195887242055,3.94665993493749,10.938373403370983,1.228884288768981,2.954454969755299,4.194322666670001,12.983628360438829,1.228884288768981,2.954454969755299,4.194322666670001,12.983628360438829,0.9656337088996033,0.06755154023679662,0.07066601674420027,0.25181825162541527,0.9681762107235232,0.06263482498903983,0.07264709957149426,0.2439631231548827,0.9681762107235233,0.06263482498903984,0.062094309719472815,0.2439631231548827,0.9754989660485819,0.048401767238148076,0.05144950138836017,0.21502639747455599
4,800,1,common_heldout_source_ge_5pct,7,6.25,1.1612544516279975,2.5074195887242055,3.94665993493749,10.938373403370983,1.228884288768981,2.954454969755299,4.194322666670001,12.983628360438829,1.228884288768981,2.954454969755299,4.194322666670001,12.983628360438829,0.9985482732782955,0.002901345932933947,0.037973670439468275,0.03901502259742658,0.9987464204043653,0.002505587729466918,0.0384532275482155,0.03739904134114689,0.998746420404365,0.0025055877294669184,0.03441216723379264,0.03739904134114689,0.9988325951549007,0.00233344685612588,0.03285360822024743,0.03654715704578714
4,800,1,common_heldout_source_lt_5pct,16,6.25,1.1612544516279975,2.5074195887242055,3.94665993493749,10.938373403370983,1.228884288768981,2.954454969755299,4.194322666670001,12.983628360438829,1.228884288768981,2.954454969755299,4.194322666670001,12.983628360438829,0.9613829672518284,0.07574279027806975,0.0684828309138649,0.26819113005979867,0.9650647062729811,0.06865011270624485,0.06978299014026736,0.2566097621074039,0.9650647062729811,0.06865011270624485,0.059128435391377764,0.2566097621074038,0.9742167990240083,0.05090162849941505,0.048870730582152196,0.22120935007921066
4,800,1,common_heldout_left,23,6.25,1.1612544516279975,2.5074195887242055,3.94665993493749,10.938373403370983,1.228884288768981,2.954454969755299,4.194322666670001,12.983628360438829,1.228884288768981,2.954454969755299,4.194322666670001,12.983628360438829,0.9510900364621727,0.09542774254238293,0.06456787698457174,0.30329928340827805,0.9712319458256153,0.056708507407788884,0.06651088574732157,0.2324550521735192,0.9712319458256153,0.05670850740778888,0.05637683487264506,0.23245505217351917,0.985819205534871,0.028160493998595746,0.04983168947235149,0.1613693781710451
4,800,2,input_128,128,6.25,1.1343158176984232,2.296939231022423,3.863673525771596,11.455404161247449,1.1965117516783217,2.6610176970830985,4.002268656095123,12.341570013972126,1.1965117516783217,2.6610176970830985,4.002268656095123,12.341570013972126,0.9999999662007294,6.75985402095262e-08,0.0001483873362212952,0.0002132403814536177,0.999999970582825,5.8834349030252124e-08,0.00014838768365240472,0.00019076676178326687,0.9999999705828252,5.883434903024877e-08,0.00014822644471530294,0.00019076676178321768,0.9999999716122802,5.6775438569086727e-08,0.00014980622673174375,0.00018542399751083805
4,800,2,heldout_all_72,72,6.25,1.1343158176984232,2.296939231022423,3.863673525771596,11.455404161247449,1.1965117516783217,2.6610176970830985,4.002268656095123,12.341570013972126,1.1965117516783217,2.6610176970830985,4.002268656095123,12.341570013972126,0.9709115098302359,0.0573308400791712,0.13478222946571441,0.2207129038459199,0.9790640453332826,0.041433595135627735,0.14064836189852176,0.18430649423847775,0.9790640453332827,0.041433595135627735,0.10665897357671657,0.18430649423847772,0.9853201429129268,0.029144215970049778,0.08480069826061283,0.15131062760557704
4,800,2,heldout_near_16,16,6.25,1.1343158176984232,2.296939231022423,3.863673525771596,11.455404161247449,1.1965117516783217,2.6610176970830985,4.002268656095123,12.341570013972126,1.1965117516783217,2.6610176970830985,4.002268656095123,12.341570013972126,0.9963173423712568,0.007351753290275939,0.05345831657005055,0.06705902160567007,0.9966152055369766,0.0067581320924896,0.0547561146173697,0.06519545753854332,0.9966152055369768,0.006758132092489602,0.05020295015952954,0.06519545753854335,0.9967031894636703,0.0065827521129466875,0.04992781665078039,0.06436768850951885
4,800,2,heldout_far_56,56,6.25,1.1343158176984232,2.296939231022423,3.863673525771596,11.455404161247449,1.1965117516783217,2.6610176970830985,4.002268656095123,12.341570013972126,1.1965117516783217,2.6610176970830985,4.002268656095123,12.341570013972126,0.9774868948010212,0.04451937049225675,0.1380387820307444,0.19116582040587723,0.9842902817335001,0.031172641284987097,0.13753474521682532,0.16141240488387248,0.9842902817334998,0.031172641284987115,0.10184876514011255,0.16141240488387254,0.9886960843834003,0.022480052724931834,0.06342407751176342,0.13808116703861095
4,800,2,heldout_source_ge_5pct,23,6.25,1.1343158176984232,2.296939231022423,3.863673525771596,11.455404161247449,1.1965117516783217,2.6610176970830985,4.002268656095123,12.341570013972126,1.1965117516783217,2.6610176970830985,4.002268656095123,12.341570013972126,0.9936035192085318,0.012752046616421417,0.07283495438033204,0.08730636475989942,0.994068815589512,0.011827189872464961,0.07566438825033524,0.08452407750863312,0.9940688155895122,0.011827189872464967,0.06990929530930122,0.08452407750863318,0.9947054405714528,0.010561086497551922,0.06727158350743756,0.07964176820083828
4,800,2,heldout_source_lt_5pct,49,6.25,1.1343158176984232,2.296939231022423,3.863673525771596,11.455404161247449,1.1965117516783217,2.6610176970830985,4.002268656095123,12.341570013972126,1.1965117516783217,2.6610176970830985,4.002268656095123,12.341570013972126,0.9783432376461769,0.04284450935199644,0.1465972752307117,0.18397292200713936,0.9855613896417768,0.02866874724736965,0.1458248951970237,0.14964175545996622,0.985561389641777,0.02866874724736965,0.11417677919314125,0.1496417554599662,0.9902376600621936,0.01942937659455174,0.0697100979946641,0.12408380093172837
4,800,2,heldout_left,23,6.25,1.1343158176984232,2.296939231022423,3.863673525771596,11.455404161247449,1.1965117516783217,2.6610176970830985,4.002268656095123,12.341570013972126,1.1965117516783217,2.6610176970830985,4.002268656095123,12.341570013972126,0.9612460304787811,0.0760060688887862,0.07493416113944282,0.26823537291516675,0.976479161575325,0.0464884470091502,0.07608564738145523,0.20771593189827273,0.9764791615753252,0.04648844700915022,0.06337130198762345,0.20771593189827275,0.9871797252709027,0.02547619001406526,0.05745737485527976,0.1500122252107096
4,800,2,heldout_right,49,6.25,1.1343158176984232,2.296939231022423,3.863673525771596,11.455404161247449,1.1965117516783217,2.6610176970830985,4.002268656095123,12.341570013972126,1.1965117516783217,2.6610176970830985,4.002268656095123,12.341570013972126,0.9803581782123727,0.038897842412117495,0.14110205997799394,0.17377642244563551,0.9817531637883611,0.03616072539154345,0.14924418694817232,0.1674514116404913,0.9817531637883612,0.036160725391543434,0.1114094223380244,0.16745141164049132,0.984580252476436,0.030601726433437573,0.08862525645052871,0.15248215359695283
4,800,2,common_input_128,128,6.25,1.1343158176984232,2.296939231022423,3.863673525771596,11.455404161247449,1.1965117516783217,2.6610176970830985,4.002268656095123,12.341570013972126,1.1965117516783217,2.6610176970830985,4.002268656095123,12.341570013972126,0.9999999662007294,6.75985402095262e-08,0.0001483873362212952,0.0002132403814536177,0.999999970582825,5.8834349030252124e-08,0.00014838768365240472,0.00019076676178326687,0.9999999705828252,5.883434903024877e-08,0.00014822644471530294,0.00019076676178321768,0.9999999716122802,5.6775438569086727e-08,0.00014980622673174375,0.00018542399751083805
4,800,2,common_heldout_all_72,23,6.25,1.1343158176984232,2.296939231022423,3.863673525771596,11.455404161247449,1.1965117516783217,2.6610176970830985,4.002268656095123,12.341570013972126,1.1965117516783217,2.6610176970830985,4.002268656095123,12.341570013972126,0.9612460304787811,0.0760060688887862,0.07493416113944282,0.26823537291516675,0.976479161575325,0.0464884470091502,0.07608564738145523,0.20771593189827273,0.9764791615753252,0.04648844700915022,0.06337130198762345,0.20771593189827275,0.9871797252709027,0.02547619001406526,0.05745737485527976,0.1500122252107096
4,800,2,common_heldout_near_16,8,6.25,1.1343158176984232,2.296939231022423,3.863673525771596,11.455404161247449,1.1965117516783217,2.6610176970830985,4.002268656095123,12.341570013972126,1.1965117516783217,2.6610176970830985,4.002268656095123,12.341570013972126,0.9969589088535186,0.00607293405760167,0.056606193821586236,0.05488094868878984,0.9971011433813245,0.005789309867655205,0.05912089150776004,0.056031999081128527,0.9971011433813245,0.005789309867655213,0.053006753152797424,0.05603199908112856,0.9972325171136774,0.00552730681111918,0.051316963011664454,0.0552213433320554
4,800,2,common_heldout_far_56,15,6.25,1.1343158176984232,2.296939231022423,3.863673525771596,11.455404161247449,1.1965117516783217,2.6610176970830985,4.002268656095123,12.341570013972126,1.1965117516783217,2.6610176970830985,4.002268656095123,12.341570013972126,0.9745216432831872,0.05030756677263626,0.08298640192362694,0.21350885709483772,0.9796650673533782,0.040256355807500935,0.08453238296410166,0.19238223063607574,0.9796650673533783,0.040256355807500935,0.0690231284274329,0.19238223063607576,0.9869102036626187,0.026008249906608667,0.04994179631240006,0.15538325443164877
4,800,2,common_heldout_source_ge_5pct,7,6.25,1.1343158176984232,2.296939231022423,3.863673525771596,11.455404161247449,1.1965117516783217,2.6610176970830985,4.002268656095123,12.341570013972126,1.1965117516783217,2.6610176970830985,4.002268656095123,12.341570013972126,0.9973582781535175,0.005276464998650902,0.04624243225737518,0.05631132637243673,0.9974778634426956,0.005037911941794862,0.04761382894488785,0.056146692149326285,0.9974778634426958,0.0050379119417948625,0.04393568377146663,0.056146692149326306,0.99757478457773,0.0048445491746954,0.043226718324531316,0.05500166960293567
4,800,2,common_heldout_source_lt_5pct,16,6.25,1.1343158176984232,2.296939231022423,3.863673525771596,11.455404161247449,1.1965117516783217,2.6610176970830985,4.002268656095123,12.341570013972126,1.1965117516783217,2.6610176970830985,4.002268656095123,12.341570013972126,0.9706837123746881,0.05777313053049368,0.0826232467432784,0.23054564844952402,0.9758565363054535,0.04770402054992242,0.08487932254861781,0.2110472976009356,0.9758565363054537,0.047704020549922434,0.068283823551747,0.21104729760093563,0.983283114324979,0.03315431708336993,0.04964145542585388,0.17687439773646355
4,800,2,common_heldout_left,23,6.25,1.1343158176984232,2.296939231022423,3.863673525771596,11.455404161247449,1.1965117516783217,2.6610176970830985,4.002268656095123,12.341570013972126,1.1965117516783217,2.6610176970830985,4.002268656095123,12.341570013972126,0.9612460304787811,0.0760060688887862,0.07493416113944282,0.26823537291516675,0.976479161575325,0.0464884470091502,0.07608564738145523,0.20771593189827273,0.9764791615753252,0.04648844700915022,0.06337130198762345,0.20771593189827275,0.9871797252709027,0.02547619001406526,0.05745737485527976,0.1500122252107096
4,800,3,input_128,128,6.25,2.7526014487644836,4.703558607561202,6.113487943001887,10.945328959492159,2.6898489706214717,4.634418949993828,6.348726472430098,9.476187369667855,2.6898489706214717,4.634418949993828,6.348726472430098,9.476187369667855,0.9999998779721592,2.4405566655150885e-07,0.00031735865438033215,0.00038895742388610075,0.9999999092259124,1.8154816721064069e-07,0.00031736122625359767,0.00035787201447478863,0.9999999092259123,1.8154816721064227e-07,0.00023438591962337413,0.00035787201447477166,0.9999999134207372,1.7315851824182766e-07,0.00023124662848252302,0.0003480181372685722
4,800,3,heldout_all_72,72,6.25,2.7526014487644836,4.703558607561202,6.113487943001887,10.945328959492159,2.6898489706214717,4.634418949993828,6.348726472430098,9.476187369667855,2.6898489706214717,4.634418949993828,6.348726472430098,9.476187369667855,0.9655974989493726,0.06762147002271643,0.11479767587634512,0.24016285506190668,0.9829195704459196,0.033869118034408834,0.1142995294050768,0.16824651406711816,0.9829195704459197,0.03386911803440884,0.0840953706272256,0.16824651406711816,0.9892373795249739,0.021409406950562797,0.07063459468293722,0.1309882025386072
4,800,3,heldout_near_16,16,6.25,2.7526014487644836,4.703558607561202,6.113487943001887,10.945328959492159,2.6898489706214717,4.634418949993828,6.348726472430098,9.476187369667855,2.6898489706214717,4.634418949993828,6.348726472430098,9.476187369667855,0.9970251423783442,0.00594086546544235,0.041791140647664184,0.06481365457710625,0.9973800730267747,0.005232989929105675,0.041776677311361046,0.0587003103298722,0.9973800730267748,0.0052329899291056765,0.04200570615421826,0.05870031032987219,0.9974231346649841,0.0051470904350770395,0.042389709132694076,0.05776105236479385
4,800,3,heldout_far_56,56,6.25,2.7526014487644836,4.703558607561202,6.113487943001887,10.945328959492159,2.6898489706214717,4.634418949993828,6.348726472430098,9.476187369667855,2.6898489706214717,4.634418949993828,6.348726472430098,9.476187369667855,0.9526517767606478,0.09245459223478088,0.12725552385248506,0.28091209759518004,0.9672027839586534,0.06451877470263018,0.12809841415708778,0.23595850458606207,0.9672027839586537,0.06451877470263018,0.10069451383920687,0.23595850458606207,0.9759411209000372,0.04753892853637937,0.08261380228901713,0.20308288138813874
4,800,3,heldout_source_ge_5pct,23,6.25,2.7526014487644836,4.703558607561202,6.113487943001887,10.945328959492159,2.6898489706214717,4.634418949993828,6.348726472430098,9.476187369667855,2.6898489706214717,4.634418949993828,6.348726472430098,9.476187369667855,0.9960260380754982,0.007932131475625978,0.06303780244817582,0.0634508193065715,0.9965996411129572,0.00678915533352493,0.0635860573647795,0.058406073536879766,0.9965996411129574,0.006789155333524935,0.058785546968464074,0.05840607353687977,0.9966394505430743,0.006709805621199241,0.05887139947818315,0.057938106288800445
4,800,3,heldout_source_lt_5pct,49,6.25,2.7526014487644836,4.703558607561202,6.113487943001887,10.945328959492159,2.6898489706214717,4.634418949993828,6.348726472430098,9.476187369667855,2.6898489706214717,4.634418949993828,6.348726472430098,9.476187369667855,0.9505519780189298,0.09645093708430025,0.13245008814641343,0.2869980895150668,0.9612990056867975,0.07590422166557441,0.1311957603178213,0.2566432715464992,0.9612990056867975,0.07590422166557442,0.11009237488725909,0.2566432715464992,0.9684993279990608,0.06200905166536772,0.09411542250312235,0.23337638857089127
4,800,3,heldout_left,23,6.25,2.7526014487644836,4.703558607561202,6.113487943001887,10.945328959492159,2.6898489706214717,4.634418949993828,6.348726472430098,9.476187369667855,2.6898489706214717,4.634418949993828,6.348726472430098,9.476187369667855,0.9626060550114727,0.07338958285524994,0.1126430287781612,0.25481448878156093,0.9751771977488465,0.049029432990707396,0.12321119968093876,0.21144119293573896,0.9751771977488465,0.049029432990707424,0.08197245897766506,0.211441192935739,0.9854554878813557,0.028877481404519043,0.058757027467712865,0.16218249085328773
4,800,3,heldout_right,49,6.25,2.7526014487644836,4.703558607561202,6.113487943001887,10.945328959492159,2.6898489706214717,4.634418949993828,6.348726472430098,9.476187369667855,2.6898489706214717,4.634418949993828,6.348726472430098,9.476187369667855,0.9967052581117004,0.00657862845248865,0.0644815834161444,0.05720196078565485,0.997089214118199,0.0058130990891524245,0.06658631567233163,0.05491896943719458,0.9970892141181988,0.005813099089152425,0.056716048042853344,0.05491896943719461,0.9972728774242579,0.005446807953941578,0.05345788595104185,0.052797367111631806
4,800,3,common_input_128,128,6.25,2.7526014487644836,4.703558607561202,6.113487943001887,10.945328959492159,2.6898489706214717,4.634418949993828,6.348726472430098,9.476187369667855,2.6898489706214717,4.634418949993828,6.348726472430098,9.476187369667855,0.9999998779721592,2.4405566655150885e-07,0.00031735865438033215,0.00038895742388610075,0.9999999092259124,1.8154816721064069e-07,0.00031736122625359767,0.00035787201447478863,0.9999999092259123,1.8154816721064227e-07,0.00023438591962337413,0.00035787201447477166,0.9999999134207372,1.7315851824182766e-07,0.00023124662848252302,0.0003480181372685722
4,800,3,common_heldout_all_72,23,6.25,2.7526014487644836,4.703558607561202,6.113487943001887,10.945328959492159,2.6898489706214717,4.634418949993828,6.348726472430098,9.476187369667855,2.6898489706214717,4.634418949993828,6.348726472430098,9.476187369667855,0.9626060550114727,0.07338958285524994,0.1126430287781612,0.25481448878156093,0.9751771977488465,0.049029432990707396,0.12321119968093876,0.21144119293573896,0.9751771977488465,0.049029432990707424,0.08197245897766506,0.211441192935739,0.9854554878813557,0.028877481404519043,0.058757027467712865,0.16218249085328773
4,800,3,common_heldout_near_16,8,6.25,2.7526014487644836,4.703558607561202,6.113487943001887,10.945328959492159,2.6898489706214717,4.634418949993828,6.348726472430098,9.476187369667855,2.6898489706214717,4.634418949993828,6.348726472430098,9.476187369667855,0.9972172766503443,0.005557703150070849,0.03388154697000954,0.0662289143578647,0.9971899842584242,0.005612135294683721,0.03434171809096765,0.06416293834575616,0.9971899842584241,0.005612135294683727,0.038406782024199,0.06416293834575618,0.9972655037149925,0.0054615151000823375,0.0395183318520119,0.062314247768720604
4,800,3,common_heldout_far_56,15,6.25,2.7526014487644836,4.703558607561202,6.113487943001887,10.945328959492159,2.6898489706214717,4.634418949993828,6.348726472430098,9.476187369667855,2.6898489706214717,4.634418949993828,6.348726472430098,9.476187369667855,0.980027731016332,0.03954564643898016,0.12168596406114825,0.16628168165562343,0.9847211075360243,0.030324340373025907,0.12827086053585615,0.1471952707953516,0.984721107536024,0.030324340373025907,0.10753376353777723,0.14719527079535158,0.9906769762576797,0.018559128712940784,0.08776571942348592,0.11349013863696494
4,800,3,common_heldout_source_ge_5pct,7,6.25,2.7526014487644836,4.703558607561202,6.113487943001887,10.945328959492159,2.6898489706214717,4.634418949993828,6.348726472430098,9.476187369667855,2.6898489706214717,4.634418949993828,6.348726472430098,9.476187369667855,0.997821485169445,0.004352283734242967,0.035638367357977034,0.05537410115415558,0.9976686482489249,0.004657268301162993,0.0363422739319023,0.055313482494201524,0.997668648248925,0.004657268301162992,0.03983259688306852,0.055313482494201476,0.9976728507639528,0.004648882848527669,0.04067633002510118,0.054640781012751154
4,800,3,common_heldout_source_lt_5pct,16,6.25,2.7526014487644836,4.703558607561202,6.113487943001887,10.945328959492159,2.6898489706214717,4.634418949993828,6.348726472430098,9.476187369667855,2.6898489706214717,4.634418949993828,6.348726472430098,9.476187369667855,0.9771196616472655,0.045237166822333356,0.12156779127774972,0.1834786921585144,0.9816858693133355,0.03629285399052058,0.1291034602591572,0.16807137639067082,0.9816858693133358,0.03629285399052059,0.105339628143618,0.16807137639067082,0.987521380912162,0.02480152224133684,0.08365821890444398,0.14063703356522242
4,800,3,common_heldout_left,23,6.25,2.7526014487644836,4.703558607561202,6.113487943001887,10.945328959492159,2.6898489706214717,4.634418949993828,6.348726472430098,9.476187369667855,2.6898489706214717,4.634418949993828,6.348726472430098,9.476187369667855,0.9626060550114727,0.07338958285524994,0.1126430287781612,0.25481448878156093,0.9751771977488465,0.049029432990707396,0.12321119968093876,0.21144119293573896,0.9751771977488465,0.049029432990707424,0.08197245897766506,0.211441192935739,0.9854554878813557,0.028877481404519043,0.058757027467712865,0.16218249085328773
6,1200,0,input_128,128,9.375,0.9176695384877747,2.149668260471529,3.104839857135926,9.389581901850981,0.9473595709934132,2.2031928609565004,3.1060256287377683,10.184066522420501,0.9671978476425324,2.2350931182333684,3.1203426193182366,9.856836474940264,0.9999999747636926,5.047261420116328e-08,0.00014611489826428278,0.00017125167369965274,0.9999999751567898,4.968641951684023e-08,0.0001461156639201309,0.00016716981441388399,0.99999997515679,4.968641951684059e-08,0.00014980963864392498,0.00016716981441387076,0.9999999764943509,4.7011297396295424e-08,0.00014744835406733023,0.00016095137905678476
6,1200,0,heldout_all_72,72,9.375,0.9176695384877747,2.149668260471529,3.104839857135926,9.389581901850981,0.9473595709934132,2.2031928609565004,3.1060256287377683,10.184066522420501,0.9671978476425324,2.2350931182333684,3.1203426193182366,9.856836474940264,0.9650415948211845,0.06869472026498487,0.10496874258501494,0.24746491901171938,0.9812103715646473,0.03722620673396687,0.1063035471405406,0.1811557631957042,0.9812103715646472,0.037226206733966885,0.07731079888550273,0.18115576319570423,0.9896007318191734,0.020690391582956724,0.06323712938607354,0.13170206131827678
6,1200,0,heldout_near_16,16,9.375,0.9176695384877747,2.149668260471529,3.104839857135926,9.389581901850981,0.9473595709934132,2.2031928609565004,3.1060256287377683,10.184066522420501,0.9671978476425324,2.2350931182333684,3.1203426193182366,9.856836474940264,0.9967366162062365,0.006516117913741666,0.033007829620320416,0.07376605145970931,0.99729528942854,0.00540210568364487,0.03303514200542245,0.06613763062242645,0.9972952894285398,0.0054021056836448715,0.0322016645476793,0.0661376306224265,0.9974790287411529,0.005035587221606222,0.03189053833614826,0.06345032070591211
6,1200,0,heldout_far_56,56,9.375,0.9176695384877747,2.149668260471529,3.104839857135926,9.389581901850981,0.9473595709934132,2.2031928609565004,3.1060256287377683,10.184066522420501,0.9671978476425324,2.2350931182333684,3.1203426193182366,9.856836474940264,0.9606477028341653,0.07715599103944114,0.11206157359842393,0.261833814662657,0.9740093117217534,0.051305860679316695,0.11204218811150779,0.21544627322372314,0.9740093117217532,0.05130586067931669,0.08383104559893738,0.2154462732237231,0.9851271394976306,0.029524519025216137,0.059447069376172106,0.16389392428380525
6,1200,0,heldout_source_ge_5pct,23,9.375,0.9176695384877747,2.149668260471529,3.104839857135926,9.389581901850981,0.9473595709934132,2.2031928609565004,3.1060256287377683,10.184066522420501,0.9671978476425324,2.2350931182333684,3.1203426193182366,9.856836474940264,0.9972595258986122,0.0054734380044749635,0.04993182720846145,0.0547609802872954,0.9973306415858004,0.005331591354055709,0.05038417133332325,0.055600078382455155,0.9973306415858003,0.0053315913540557085,0.047465755084505235,0.055600078382455176,0.9973554744324217,0.005282057619679026,0.04715062426752356,0.05542225712858409
6,1200,0,heldout_source_lt_5pct,49,9.375,0.9176695384877747,2.149668260471529,3.104839857135926,9.389581901850981,0.9473595709934132,2.2031928609565004,3.1060256287377683,10.184066522420501,0.9671978476425324,2.2350931182333684,3.1203426193182366,9.856836474940264,0.9580031241268011,0.08223001416328884,0.12046135302271307,0.2678433744126493,0.9680297941947266,0.06291831755131522,0.12031048256514748,0.2357655471407394,0.9680297941947266,0.0629183175513152,0.09814185361039392,0.23576554714073933,0.978067434771465,0.043384093039566154,0.07687892340691313,0.19586198234108163
6,1200,0,heldout_left,23,9.375,0.9176695384877747,2.149668260471529,3.104839857135926,9.389581901850981,0.9473595709934132,2.2031928609565004,3.1060256287377683,10.184066522420501,0.9671978476425324,2.2350931182333684,3.1203426193182366,9.856836474940264,0.9433265299620698,0.11013505786972046,0.07877900315367257,0.32547966376699333,0.9588278993971547,0.08064905933764037,0.08129390411747058,0.2802485233966088,0.9588278993971546,0.08064905933764037,0.05522809964904565,0.2802485233966088,0.9758595010088642,0.047698234290730876,0.04000507910276394,0.21547225389911984
6,1200,0,heldout_right,49,9.375,0.9176695384877747,2.149668260471529,3.104839857135926,9.389581901850981,0.9473595709934132,2.2031928609565004,3.1060256287377683,10.184066522420501,0.9671978476425324,2.2350931182333684,3.1203426193182366,9.856836474940264,0.993797741833591,0.012366048326455407,0.08321994701338288,0.08749150005692034,0.9955343456906242,0.008911366550340678,0.09104197218221899,0.07340874549879982,0.9955343456906243,0.00891136655034068,0.06805285857872904,0.07340874549879982,0.9964653279163539,0.00705685026055338,0.057932396532829604,0.06462706410768487
6,1200,0,common_input_128,128,9.375,0.9176695384877747,2.149668260471529,3.104839857135926,9.389581901850981,0.9473595709934132,2.2031928609565004,3.1060256287377683,10.184066522420501,0.9671978476425324,2.2350931182333684,3.1203426193182366,9.856836474940264,0.9999999747636926,5.047261420116328e-08,0.00014611489826428278,0.00017125167369965274,0.9999999751567898,4.968641951684023e-08,0.0001461156639201309,0.00016716981441388399,0.99999997515679,4.968641951684059e-08,0.00014980963864392498,0.00016716981441387076,0.9999999764943509,4.7011297396295424e-08,0.00014744835406733023,0.00016095137905678476
6,1200,0,common_heldout_all_72,23,9.375,0.9176695384877747,2.149668260471529,3.104839857135926,9.389581901850981,0.9473595709934132,2.2031928609565004,3.1060256287377683,10.184066522420501,0.9671978476425324,2.2350931182333684,3.1203426193182366,9.856836474940264,0.9433265299620698,0.11013505786972046,0.07877900315367257,0.32547966376699333,0.9588278993971547,0.08064905933764037,0.08129390411747058,0.2802485233966088,0.9588278993971546,0.08064905933764037,0.05522809964904565,0.2802485233966088,0.9758595010088642,0.047698234290730876,0.04000507910276394,0.21547225389911984
6,1200,0,common_heldout_near_16,8,9.375,0.9176695384877747,2.149668260471529,3.104839857135926,9.389581901850981,0.9473595709934132,2.2031928609565004,3.1060256287377683,10.184066522420501,0.9671978476425324,2.2350931182333684,3.1203426193182366,9.856836474940264,0.9955382675000892,0.00890355794292045,0.03327195069635183,0.08851352049378684,0.996128046157444,0.007728915658553206,0.03327004164658844,0.08222504422228798,0.9961280461574439,0.007728915658553207,0.03170538988742986,0.08222504422228795,0.9964440564816439,0.007099242302406221,0.03053288682898391,0.0787667423659895
6,1200,0,common_heldout_far_56,15,9.375,0.9176695384877747,2.149668260471529,3.104839857135926,9.389581901850981,0.9473595709934132,2.2031928609565004,3.1060256287377683,10.184066522420501,0.9671978476425324,2.2350931182333684,3.1203426193182366,9.856836474940264,0.9752507707564315,0.04888593413898641,0.09094670938469664,0.20577851865369576,0.9773367026429582,0.04481296966698992,0.09357002931989158,0.2003070126978685,0.9773367026429584,0.04481296966698991,0.0780452950559073,0.2003070126978685,0.9818394634497868,0.03599126801263497,0.0629722329865093,0.18136163407024758
6,1200,0,common_heldout_source_ge_5pct,7,9.375,0.9176695384877747,2.149668260471529,3.104839857135926,9.389581901850981,0.9473595709934132,2.2031928609565004,3.1060256287377683,10.184066522420501,0.9671978476425324,2.2350931182333684,3.1203426193182366,9.856836474940264,0.9970657847912111,0.005859820798686402,0.0336997009545737,0.06898893316475736,0.9973557030874641,0.005281601518910735,0.03376328867287227,0.06557662221769457,0.9973557030874639,0.005281601518910733,0.03187400895277999,0.06557662221769461,0.997495427517758,0.005002872081165393,0.03065391850760672,0.064019403448314
6,1200,0,common_heldout_source_lt_5pct,16,9.375,0.9176695384877747,2.149668260471529,3.104839857135926,9.389581901850981,0.9473595709934132,2.2031928609565004,3.1060256287377683,10.184066522420501,0.9671978476425324,2.2350931182333684,3.1203426193182366,9.856836474940264,0.9707727823586215,0.05760020503170032,0.08810916539304736,0.22722679535466314,0.9731547588479241,0.05296981533163871,0.09031479608286852,0.22123165203535108,0.9731547588479241,0.0529698153316387,0.07338077226944198,0.22123165203535106,0.9787742072503883,0.04200105122137427,0.0572993769977211,0.1986746839454138
6,1200,0,common_heldout_left,23,9.375,0.9176695384877747,2.149668260471529,3.104839857135926,9.389581901850981,0.9473595709934132,2.2031928609565004,3.1060256287377683,10.184066522420501,0.9671978476425324,2.2350931182333684,3.1203426193182366,9.856836474940264,0.9433265299620698,0.11013505786972046,0.07877900315367257,0.32547966376699333,0.9588278993971547,0.08064905933764037,0.08129390411747058,0.2802485233966088,0.9588278993971546,0.08064905933764037,0.05522809964904565,0.2802485233966088,0.9758595010088642,0.047698234290730876,0.04000507910276394,0.21547225389911984
6,1200,1,input_128,128,9.375,1.3384799993454977,2.000497995072743,3.754779328778821,9.059520634230186,1.3569016090733728,2.01138641725872,3.765378421172878,7.951417756476554,1.3688016198008712,2.0334720130248147,3.7477981483311145,8.70260344857794,0.9999999719955869,5.600882545628784e-08,0.00014950482170188572,0.00018709693127557162,0.9999999752418784,4.9516242507896846e-08,0.00014950613685193835,0.00017559550152692084,0.9999999752418784,4.9516242507894537e-08,0.00013609735764179274,0.00017559550152692322,0.9999999751121127,4.977577422465545e-08,0.00013668193914573385,0.0001758676119934968
6,1200,1,heldout_all_72,72,9.375,1.3384799993454977,2.000497995072743,3.754779328778821,9.059520634230186,1.3569016090733728,2.01138641725872,3.765378421172878,7.951417756476554,1.3688016198008712,2.0334720130248147,3.7477981483311145,8.70260344857794,0.9704077701800112,0.05830875957425862,0.0886028133686534,0.22636265351814028,0.9806210657931586,0.03838232532268965,0.09526789282342445,0.17584800012991506,0.9806210657931587,0.03838232532268965,0.09262377261549382,0.17584800012991506,0.986746277636172,0.026331783571158687,0.08728630185219971,0.14145154337704816
6,1200,1,heldout_near_16,16,9.375,1.3384799993454977,2.000497995072743,3.754779328778821,9.059520634230186,1.3569016090733728,2.01138641725872,3.765378421172878,7.951417756476554,1.3688016198008712,2.0334720130248147,3.7477981483311145,8.70260344857794,0.9977862134987059,0.004422672151915177,0.04763235803398348,0.04796678394761186,0.9977572179471205,0.0044805340344224835,0.04789605682965149,0.049117796023521364,0.9977572179471205,0.004480534034422483,0.047215875004257175,0.049117796023521385,0.9979071448763402,0.00418133020475084,0.04601328718967456,0.04769792610543674
6,1200,1,heldout_far_56,56,9.375,1.3384799993454977,2.000497995072743,3.754779328778821,9.059520634230186,1.3569016090733728,2.01138641725872,3.765378421172878,7.951417756476554,1.3688016198008712,2.0334720130248147,3.7477981483311145,8.70260344857794,0.9754946262855345,0.04841023408804522,0.07784175771223435,0.20732869930126036,0.9829902375997787,0.03373019278353077,0.07805231881933596,0.17063581118016002,0.9829902375997785,0.03373019278353076,0.07105389441111652,0.17063581118016002,0.9869836799914923,0.02586321543045145,0.06700576886934566,0.14737793203258773
6,1200,1,heldout_source_ge_5pct,23,9.375,1.3384799993454977,2.000497995072743,3.754779328778821,9.059520634230186,1.3569016090733728,2.01138641725872,3.765378421172878,7.951417756476554,1.3688016198008712,2.0334720130248147,3.7477981483311145,8.70260344857794,0.9940904519705082,0.011784173301070783,0.08220277634619093,0.07462076397796136,0.9947062827965603,0.010559410965049271,0.08432175136516476,0.07177662557354549,0.9947062827965604,0.01055941096504927,0.07729856548346652,0.07177662557354551,0.9954011621188286,0.009176526452485565,0.07200371025229478,0.0681952967504967
6,1200,1,heldout_source_lt_5pct,49,9.375,1.3384799993454977,2.000497995072743,3.754779328778821,9.059520634230186,1.3569016090733728,2.01138641725872,3.765378421172878,7.951417756476554,1.3688016198008712,2.0334720130248147,3.7477981483311145,8.70260344857794,0.9750631243096584,0.04925190361148742,0.07930904925211711,0.20893410823644631,0.9813787812172787,0.036895687776488245,0.07963141336201357,0.1791963522402745,0.9813787812172788,0.03689568777648825,0.07279516587398313,0.1791963522402745,0.9843031482132121,0.03114731241755894,0.06804962843552886,0.16437561892245917
6,1200,1,heldout_left,23,9.375,1.3384799993454977,2.000497995072743,3.754779328778821,9.059520634230186,1.3569016090733728,2.01138641725872,3.765378421172878,7.951417756476554,1.3688016198008712,2.0334720130248147,3.7477981483311145,8.70260344857794,0.9511287191246471,0.09535415965630784,0.0647166864984496,0.3031515140738617,0.9712669357898321,0.056640539441430195,0.06666934728306165,0.23228759021211348,0.9712669357898321,0.05664053944143022,0.05649258749893725,0.23228759021211348,0.9858396138682777,0.028120255728045003,0.0499119705944273,0.16122851894994533
6,1200,1,heldout_right,49,9.375,1.3384799993454977,2.000497995072743,3.754779328778821,9.059520634230186,1.3569016090733728,2.01138641725872,3.765378421172878,7.951417756476554,1.3688016198008712,2.0334720130248147,3.7477981483311145,8.70260344857794,0.9873027233312467,0.02523333250270367,0.09093006504600444,0.1288540955879459,0.9869746323389011,0.025881075119491028,0.10012941617618644,0.1252979648140162,0.986974632338901,0.025881075119491028,0.10165098974031192,0.12529796481401623,0.9882133277232164,0.023434418910207085,0.10284004929302991,0.11513689067092894
6,1200,1,common_input_128,128,9.375,1.3384799993454977,2.000497995072743,3.754779328778821,9.059520634230186,1.3569016090733728,2.01138641725872,3.765378421172878,7.951417756476554,1.3688016198008712,2.0334720130248147,3.7477981483311145,8.70260344857794,0.9999999719955869,5.600882545628784e-08,0.00014950482170188572,0.00018709693127557162,0.9999999752418784,4.9516242507896846e-08,0.00014950613685193835,0.00017559550152692084,0.9999999752418784,4.9516242507894537e-08,0.00013609735764179274,0.00017559550152692322,0.9999999751121127,4.977577422465545e-08,0.00013668193914573385,0.0001758676119934968
6,1200,1,common_heldout_all_72,23,9.375,1.3384799993454977,2.000497995072743,3.754779328778821,9.059520634230186,1.3569016090733728,2.01138641725872,3.765378421172878,7.951417756476554,1.3688016198008712,2.0334720130248147,3.7477981483311145,8.70260344857794,0.9511287191246471,0.09535415965630784,0.0647166864984496,0.3031515140738617,0.9712669357898321,0.056640539441430195,0.06666934728306165,0.23228759021211348,0.9712669357898321,0.05664053944143022,0.05649258749893725,0.23228759021211348,0.9858396138682777,0.028120255728045003,0.0499119705944273,0.16122851894994533
6,1200,1,common_heldout_near_16,8,9.375,1.3384799993454977,2.000497995072743,3.754779328778821,9.059520634230186,1.3569016090733728,2.01138641725872,3.765378421172878,7.951417756476554,1.3688016198008712,2.0334720130248147,3.7477981483311145,8.70260344857794,0.9985532366201726,0.0028914336353776317,0.037080944722062886,0.039389947998776854,0.9986998160086366,0.0025986775043156216,0.037855830144976045,0.038441177982233926,0.9986998160086364,0.002598677504315626,0.03445019745511496,0.038441177982233975,0.9987745849176515,0.0024493285225730284,0.03313412381883276,0.03776947505681336
6,1200,1,common_heldout_far_56,15,9.375,1.3384799993454977,2.000497995072743,3.754779328778821,9.059520634230186,1.3569016090733728,2.01138641725872,3.765378421172878,7.951417756476554,1.3688016198008712,2.0334720130248147,3.7477981483311145,8.70260344857794,0.9656494592935031,0.06752112176616468,0.07086139316764585,0.2517109019185807,0.9681989724478975,0.06259074975083569,0.07287085270518012,0.24383621083355878,0.9681989724478974,0.0625907497508357,0.06227524216053218,0.24383621083355878,0.9755218038330182,0.04835721024637433,0.05158850056499049,0.21489786069317485
6,1200,1,common_heldout_source_ge_5pct,7,9.375,1.3384799993454977,2.000497995072743,3.754779328778821,9.059520634230186,1.3569016090733728,2.01138641725872,3.765378421172878,7.951417756476554,1.3688016198008712,2.0334720130248147,3.7477981483311145,8.70260344857794,0.9985546653882292,0.002888580231401758,0.03783166430958252,0.03899135196988102,0.9987522414935393,0.0024939601116310962,0.03831604296889219,0.03738098905436488,0.9987522414935393,0.0024939601116310984,0.03426201906079219,0.03738098905436487,0.9988381171084729,0.0023224158112005186,0.032701829230377,0.03653024608431187
6,1200,1,common_heldout_source_lt_5pct,16,9.375,1.3384799993454977,2.000497995072743,3.754779328778821,9.059520634230186,1.3569016090733728,2.01138641725872,3.765378421172878,7.951417756476554,1.3688016198008712,2.0334720130248147,3.7477981483311145,8.70260344857794,0.9613770948243251,0.07575408154714036,0.06867883886168737,0.2681684528893028,0.9650527893740367,0.06867311372139125,0.0699918380189211,0.25661406975513756,0.9650527893740367,0.06867311372139125,0.0593316891715095,0.2566140697551376,0.974196029113173,0.05094209686012592,0.04908420952854076,0.22125843728557168
6,1200,1,common_heldout_left,23,9.375,1.3384799993454977,2.000497995072743,3.754779328778821,9.059520634230186,1.3569016090733728,2.01138641725872,3.765378421172878,7.951417756476554,1.3688016198008712,2.0334720130248147,3.7477981483311145,8.70260344857794,0.9511287191246471,0.09535415965630784,0.0647166864984496,0.3031515140738617,0.9712669357898321,0.056640539441430195,0.06666934728306165,0.23228759021211348,0.9712669357898321,0.05664053944143022,0.05649258749893725,0.23228759021211348,0.9858396138682777,0.028120255728045003,0.0499119705944273,0.16122851894994533
6,1200,2,input_128,128,9.375,0.9000641611109075,2.1125240776883545,2.7752802442368876,6.713589344626468,0.9297030202904893,2.169729484401944,2.707955697541135,6.653605661886283,0.9494801177607912,2.203663930665232,2.7605830955033728,6.616118738908458,0.9999999879418372,2.4116325452478605e-08,8.854728663927352e-05,0.00012748524998321573,0.999999989376903,2.124619365316294e-08,8.854748403587428e-05,0.00011547940141515047,0.9999999893769032,2.1246193653158543e-08,8.789836653502488e-05,0.00011547940141511577,0.9999999897379831,2.0524033578535864e-08,8.894141994187124e-05,0.00011236994937550629
6,1200,2,heldout_all_72,72,9.375,0.9000641611109075,2.1125240776883545,2.7752802442368876,6.713589344626468,0.9297030202904893,2.169729484401944,2.707955697541135,6.653605661886283,0.9494801177607912,2.203663930665232,2.7605830955033728,6.616118738908458,0.9709567266543943,0.057243034964583814,0.13478136874816357,0.22044943794031877,0.9790816291452209,0.04139916347034018,0.14059542406015657,0.18411992445365835,0.9790816291452208,0.04139916347034017,0.10674112786153059,0.18411992445365838,0.9853028814150803,0.029178231875140303,0.08501507028499164,0.15128728973398697
6,1200,2,heldout_near_16,16,9.375,0.9000641611109075,2.1125240776883545,2.7752802442368876,6.713589344626468,0.9297030202904893,2.169729484401944,2.707955697541135,6.653605661886283,0.9494801177607912,2.203663930665232,2.7605830955033728,6.616118738908458,0.9963438702071306,0.007298892300676517,0.05347802300724658,0.06665675393810323,0.9966321566578018,0.006724344315618653,0.05477411355275606,0.06490060746844604,0.9966321566578018,0.006724344315618654,0.0502601067956773,0.06490060746844613,0.9967200094013128,0.006549222859047129,0.04998057004933789,0.06407615246214517
6,1200,2,heldout_far_56,56,9.375,0.9000641611109075,2.1125240776883545,2.7752802442368876,6.713589344626468,0.9297030202904893,2.169729484401944,2.707955697541135,6.653605661886283,0.9494801177607912,2.203663930665232,2.7605830955033728,6.616118738908458,0.9775758091803345,0.04434553730541382,0.13803522364342982,0.19063717236288627,0.9844173956448239,0.03092239115186175,0.137525278794779,0.1605650133618788,0.984417395644824,0.03092239115186176,0.10187674860196215,0.16056501336187887,0.9888294774603597,0.022216264505472,0.06357412599655479,0.13703747972224478
6,1200,2,heldout_source_ge_5pct,23,9.375,0.9000641611109075,2.1125240776883545,2.7752802442368876,6.713589344626468,0.9297030202904893,2.169729484401944,2.707955697541135,6.653605661886283,0.9494801177607912,2.203663930665232,2.7605830955033728,6.616118738908458,0.993531845735425,0.012894471509559788,0.0732026683314588,0.08780057166096288,0.9940024022215183,0.011959224377850521,0.07603270272521433,0.08501284941816527,0.9940024022215186,0.01195922437785052,0.07024395481347781,0.08501284941816527,0.9946480973206451,0.010675162496420315,0.0676094284608112,0.08006808299053084
6,1200,2,heldout_source_lt_5pct,49,9.375,0.9000641611109075,2.1125240776883545,2.7752802442368876,6.713589344626468,0.9297030202904893,2.169729484401944,2.707955697541135,6.653605661886283,0.9494801177607912,2.203663930665232,2.7605830955033728,6.616118738908458,0.9783199986804229,0.04288998018193742,0.14661391556752168,0.1840024751083214,0.9855312456721427,0.02872816380391494,0.14584295992483037,0.14969603344465895,0.9855312456721426,0.02872816380391494,0.11427665052655155,0.14969603344465895,0.9902001095122738,0.01950374312188116,0.07001709520148454,0.12418788715740992
6,1200,2,heldout_left,23,9.375,0.9000641611109075,2.1125240776883545,2.7752802442368876,6.713589344626468,0.9297030202904893,2.169729484401944,2.707955697541135,6.653605661886283,0.9494801177607912,2.203663930665232,2.7605830955033728,6.616118738908458,0.9611892222728369,0.07611527898653911,0.07491938469748363,0.2684408218980092,0.976430081496213,0.04658429594929892,0.07608815032372622,0.20795466835161294,0.976430081496213,0.04658429594929892,0.06334939232565631,0.20795466835161297,0.9871493471557284,0.025536166410019042,0.05741828400906864,0.15022933634451294
6,1200,2,heldout_right,49,9.375,0.9000641611109075,2.1125240776883545,2.7752802442368876,6.713589344626468,0.9297030202904893,2.169729484401944,2.707955697541135,6.653605661886283,0.9494801177607912,2.203663930665232,2.7605830955033728,6.616118738908458,0.980445284426169,0.03872704424648857,0.14094423165291364,0.17330750664579228,0.9818255216318683,0.0360186450723098,0.14898452319373487,0.16703235804746844,0.9818255216318683,0.036018645072309785,0.11131421564702826,0.16703235804746844,0.9846169188087076,0.03052952319564665,0.08865481092631693,0.15221502030224252
6,1200,2,common_input_128,128,9.375,0.9000641611109075,2.1125240776883545,2.7752802442368876,6.713589344626468,0.9297030202904893,2.169729484401944,2.707955697541135,6.653605661886283,0.9494801177607912,2.203663930665232,2.7605830955033728,6.616118738908458,0.9999999879418372,2.4116325452478605e-08,8.854728663927352e-05,0.00012748524998321573,0.999999989376903,2.124619365316294e-08,8.854748403587428e-05,0.00011547940141515047,0.9999999893769032,2.1246193653158543e-08,8.789836653502488e-05,0.00011547940141511577,0.9999999897379831,2.0524033578535864e-08,8.894141994187124e-05,0.00011236994937550629
6,1200,2,common_heldout_all_72,23,9.375,0.9000641611109075,2.1125240776883545,2.7752802442368876,6.713589344626468,0.9297030202904893,2.169729484401944,2.707955697541135,6.653605661886283,0.9494801177607912,2.203663930665232,2.7605830955033728,6.616118738908458,0.9611892222728369,0.07611527898653911,0.07491938469748363,0.2684408218980092,0.976430081496213,0.04658429594929892,0.07608815032372622,0.20795466835161294,0.976430081496213,0.04658429594929892,0.06334939232565631,0.20795466835161297,0.9871493471557284,0.025536166410019042,0.05741828400906864,0.15022933634451294
6,1200,2,common_heldout_near_16,8,9.375,0.9000641611109075,2.1125240776883545,2.7752802442368876,6.713589344626468,0.9297030202904893,2.169729484401944,2.707955697541135,6.653605661886283,0.9494801177607912,2.203663930665232,2.7605830955033728,6.616118738908458,0.9969575860830874,0.006075571551383055,0.05656439150044502,0.05495620574623099,0.9971021461119883,0.005787310218866665,0.05906821838950592,0.05609124763589967,0.9971021461119886,0.005787310218866665,0.05292776014750312,0.05609124763589971,0.9972341652111082,0.005524019735704012,0.05123217296493206,0.05527079106504188
6,1200,2,common_heldout_far_56,15,9.375,0.9000641611109075,2.1125240776883545,2.7752802442368876,6.713589344626468,0.9297030202904893,2.169729484401944,2.707955697541135,6.653605661886283,0.9494801177607912,2.203663930665232,2.7605830955033728,6.616118738908458,0.974527716182993,0.05029573039115978,0.08295823402569177,0.21349073232048715,0.9796668740052471,0.04025281597678771,0.08448796006684582,0.19237767187266375,0.9796668740052467,0.0402528159767877,0.06899915759582206,0.19237767187266375,0.9869073212789758,0.026013939205956398,0.049941458676599305,0.1553987187591666
6,1200,2,common_heldout_source_ge_5pct,7,9.375,0.9000641611109075,2.1125240776883545,2.7752802442368876,6.713589344626468,0.9297030202904893,2.169729484401944,2.707955697541135,6.653605661886283,0.9494801177607912,2.203663930665232,2.7605830955033728,6.616118738908458,0.9973574740114549,0.005278069033489967,0.04611545111620395,0.056425976783255484,0.9974787245596834,0.005036194050786996,0.04747553557614015,0.05623419912296876,0.9974787245596834,0.005036194050786994,0.04379718414470166,0.056234199122968745,0.997576222994872,0.004841679315285106,0.04309239415135433,0.05507501469972316
6,1200,2,common_heldout_source_lt_5pct,16,9.375,0.9000641611109075,2.1125240776883545,2.7752802442368876,6.713589344626468,0.9297030202904893,2.169729484401944,2.707955697541135,6.653605661886283,0.9494801177607912,2.203663930665232,2.7605830955033728,6.616118738908458,0.9706665746513259,0.057806400854662,0.08259177322054762,0.23062718392748627,0.9758255649720233,0.047764466747031484,0.08482945237846215,0.21119393974681216,0.9758255649720233,0.04776446674703149,0.06826069813538502,0.21119393974681216,0.9832423923078001,0.033234397968834054,0.04964692437011245,0.17709652601171752
6,1200,2,common_heldout_left,23,9.375,0.9000641611109075,2.1125240776883545,2.7752802442368876,6.713589344626468,0.9297030202904893,2.169729484401944,2.707955697541135,6.653605661886283,0.9494801177607912,2.203663930665232,2.7605830955033728,6.616118738908458,0.9611892222728369,0.07611527898653911,0.07491938469748363,0.2684408218980092,0.976430081496213,0.04658429594929892,0.07608815032372622,0.20795466835161294,0.976430081496213,0.04658429594929892,0.06334939232565631,0.20795466835161297,0.9871493471557284,0.025536166410019042,0.05741828400906864,0.15022933634451294
6,1200,3,input_128,128,9.375,2.7232429453274083,4.35152441286682,6.0192899709840475,9.832707516519614,2.7377277363209545,4.369632042172438,5.998770138286594,10.186349983406366,2.741786919200314,4.388688179683692,5.975986915580399,9.562956451084188,0.9999999549395535,9.012089149150775e-08,0.00019325698852963756,0.000235874695143081,0.9999999655831824,6.88336341366869e-08,0.00019325849923012783,0.00021899459401128192,0.9999999655831823,6.883363413668421e-08,0.00014658099644181268,0.000218994594011262,0.9999999671991602,6.560167823650236e-08,0.00014448161466890078,0.0002128954573912194
6,1200,3,heldout_all_72,72,9.375,2.7232429453274083,4.35152441286682,6.0192899709840475,9.832707516519614,2.7377277363209545,4.369632042172438,5.998770138286594,10.186349983406366,2.741786919200314,4.388688179683692,5.975986915580399,9.562956451084188,0.965518347375934,0.06777432088044495,0.11492023459627787,0.24044972454004732,0.9828629253768904,0.03398046991958098,0.11441986838580678,0.16853219589036647,0.9828629253768907,0.03398046991958099,0.08424467054981281,0.16853219589036647,0.9891877058009636,0.02150768269222638,0.07079992623631982,0.13130702164593772
6,1200,3,heldout_near_16,16,9.375,2.7232429453274083,4.35152441286682,6.0192899709840475,9.832707516519614,2.7377277363209545,4.369632042172438,5.998770138286594,10.186349983406366,2.741786919200314,4.388688179683692,5.975986915580399,9.562956451084188,0.9970211193366078,0.005948887596778105,0.041450793897808605,0.06508184282837252,0.9973806701468008,0.00523179881751845,0.041433564542909224,0.05884176889105635,0.997380670146801,0.0052317988175184455,0.04178288050537788,0.0588417688910563,0.9974241008085062,0.005145163126342663,0.04219099600784252,0.05787668885044818
6,1200,3,heldout_far_56,56,9.375,2.7232429453274083,4.35152441286682,6.0192899709840475,9.832707516519614,2.7377277363209545,4.369632042172438,5.998770138286594,10.186349983406366,2.741786919200314,4.388688179683692,5.975986915580399,9.562956451084188,0.9525085019595608,0.09272755369475331,0.12739307324661583,0.2813481330843439,0.96706683459741,0.06478173742174566,0.1282497888439677,0.23647493227782326,0.96706683459741,0.06478173742174566,0.10080981540329007,0.2364749322778233,0.9758084401636893,0.04779788810530753,0.08269979157438924,0.20368990563746872
6,1200,3,heldout_source_ge_5pct,23,9.375,2.7232429453274083,4.35152441286682,6.0192899709840475,9.832707516519614,2.7377277363209545,4.369632042172438,5.998770138286594,10.186349983406366,2.741786919200314,4.388688179683692,5.975986915580399,9.562956451084188,0.9959824874541843,0.008018884684575442,0.06318960095409372,0.06402896447657498,0.9965671202437903,0.006853974848998987,0.06375831247407962,0.058825765705222105,0.9965671202437902,0.006853974848998987,0.058966372924968556,0.058825765705222105,0.9966079004727488,0.006772692715299345,0.059038043538420994,0.05835752606155811
6,1200,3,heldout_source_lt_5pct,49,9.375,2.7232429453274083,4.35152441286682,6.0192899709840475,9.832707516519614,2.7377277363209545,4.369632042172438,5.998770138286594,10.186349983406366,2.741786919200314,4.388688179683692,5.975986915580399,9.562956451084188,0.9504305556337211,0.09668175891777642,0.13258451191839918,0.2873473857229295,0.9611821327580503,0.07612890766668591,0.13133498449036873,0.2570287064730536,0.9611821327580504,0.07612890766668592,0.11022230831530573,0.25702870647305354,0.9683802409333077,0.06223970896994923,0.09423983366580438,0.2338205126437252
6,1200,3,heldout_left,23,9.375,2.7232429453274083,4.35152441286682,6.0192899709840475,9.832707516519614,2.7377277363209545,4.369632042172438,5.998770138286594,10.186349983406366,2.741786919200314,4.388688179683692,5.975986915580399,9.562956451084188,0.9627001106775912,0.07320849690135339,0.11299630734068344,0.25436442418376826,0.9752420099091497,0.048903022108361886,0.12355532073514366,0.21108434853544966,0.9752420099091499,0.04890302210836189,0.08221656555091161,0.21108434853544963,0.9854836147339476,0.02882204509091216,0.058944371907874486,0.1619581166670398
6,1200,3,heldout_right,49,9.375,2.7232429453274083,4.35152441286682,6.0192899709840475,9.832707516519614,2.7377277363209545,4.369632042172438,5.998770138286594,10.186349983406366,2.741786919200314,4.388688179683692,5.975986915580399,9.562956451084188,0.9966828150352525,0.006623366213404861,0.06478524424547187,0.05717913276882384,0.9970612913562076,0.005868781279091868,0.06696554246021452,0.054853089800093055,0.9970612913562076,0.005868781279091869,0.057227272161609014,0.054853089800093055,0.9972417787306408,0.005508834754147311,0.05406464862194234,0.05274139489392982
6,1200,3,common_input_128,128,9.375,2.7232429453274083,4.35152441286682,6.0192899709840475,9.832707516519614,2.7377277363209545,4.369632042172438,5.998770138286594,10.186349983406366,2.741786919200314,4.388688179683692,5.975986915580399,9.562956451084188,0.9999999549395535,9.012089149150775e-08,0.00019325698852963756,0.000235874695143081,0.9999999655831824,6.88336341366869e-08,0.00019325849923012783,0.00021899459401128192,0.9999999655831823,6.883363413668421e-08,0.00014658099644181268,0.000218994594011262,0.9999999671991602,6.560167823650236e-08,0.00014448161466890078,0.0002128954573912194
6,1200,3,common_heldout_all_72,23,9.375,2.7232429453274083,4.35152441286682,6.0192899709840475,9.832707516519614,2.7377277363209545,4.369632042172438,5.998770138286594,10.186349983406366,2.741786919200314,4.388688179683692,5.975986915580399,9.562956451084188,0.9627001106775912,0.07320849690135339,0.11299630734068344,0.25436442418376826,0.9752420099091497,0.048903022108361886,0.12355532073514366,0.21108434853544966,0.9752420099091499,0.04890302210836189,0.08221656555091161,0.21108434853544963,0.9854836147339476,0.02882204509091216,0.058944371907874486,0.1619581166670398
6,1200,3,common_heldout_near_16,8,9.375,2.7232429453274083,4.35152441286682,6.0192899709840475,9.832707516519614,2.7377277363209545,4.369632042172438,5.998770138286594,10.186349983406366,2.741786919200314,4.388688179683692,5.975986915580399,9.562956451084188,0.997210145545639,0.0055719256208457465,0.03407473364662961,0.06623697957054135,0.9971828036092333,0.005626456186029555,0.03451654463471056,0.06415555169298924,0.9971828036092331,0.005626456186029556,0.03859917239604597,0.06415555169298919,0.9972580926167923,0.005476296710316832,0.03971383747361419,0.06230404642476046
6,1200,3,common_heldout_far_56,15,9.375,2.7232429453274083,4.35152441286682,6.0192899709840475,9.832707516519614,2.7377277363209545,4.369632042172438,5.998770138286594,10.186349983406366,2.741786919200314,4.388688179683692,5.975986915580399,9.562956451084188,0.9800681311990954,0.03946645820791257,0.1220754300404661,0.16582897947620406,0.9847641647407614,0.03023953984243026,0.12869005231522332,0.14672413243553886,0.9847641647407614,0.03023953984243026,0.10789740465612736,0.14672413243553883,0.9907095881320431,0.018494511983237344,0.08806176545284586,0.11305203529220417
6,1200,3,common_heldout_source_ge_5pct,7,9.375,2.7232429453274083,4.35152441286682,6.0192899709840475,9.832707516519614,2.7377277363209545,4.369632042172438,5.998770138286594,10.186349983406366,2.741786919200314,4.388688179683692,5.975986915580399,9.562956451084188,0.9978136573099211,0.004367905285799159,0.03575793966973295,0.055432212491436254,0.9976597965525368,0.0046749303427510635,0.03645506661391593,0.055345341103976674,0.9976597965525369,0.004674930342751069,0.040000408625509215,0.05534534110397665,0.9976639175544462,0.004666707609915378,0.04085613840739565,0.054662750996084856
6,1200,3,common_heldout_source_lt_5pct,16,9.375,2.7232429453274083,4.35152441286682,6.0192899709840475,9.832707516519614,2.7377277363209545,4.369632042172438,5.998770138286594,10.186349983406366,2.741786919200314,4.388688179683692,5.975986915580399,9.562956451084188,0.9771596155829116,0.04515908567385625,0.12202306326636478,0.18303493251979785,0.9817241271634104,0.03621773814524023,0.12961439851854895,0.1676458436499716,0.9817241271634104,0.03621773814524023,0.10579034067170684,0.16764584364997162,0.9875446985080918,0.024755468448562502,0.08406297069677673,0.14029706526675367
6,1200,3,common_heldout_left,23,9.375,2.7232429453274083,4.35152441286682,6.0192899709840475,9.832707516519614,2.7377277363209545,4.369632042172438,5.998770138286594,10.186349983406366,2.741786919200314,4.388688179683692,5.975986915580399,9.562956451084188,0.9627001106775912,0.07320849690135339,0.11299630734068344,0.25436442418376826,0.9752420099091497,0.048903022108361886,0.12355532073514366,0.21108434853544966,0.9752420099091499,0.04890302210836189,0.08221656555091161,0.21108434853544963,0.9854836147339476,0.02882204509091216,0.058944371907874486,0.1619581166670398
8,1600,0,input_128,128,12.5,1.1129241668212473,2.0365522362353756,3.270882123483244,9.951897669885392,1.1153213894721985,2.041371676627692,3.2691765753926587,9.731528700247322,1.1200436790048507,2.0533586760534575,3.248655414672745,9.869304060781984,0.9999999859070374,2.818592472980153e-08,0.00010953844561152265,0.0001275745197321831,0.9999999860098285,2.798034297920894e-08,0.00010953891254296487,0.00012506731439245668,0.9999999860098283,2.7980342979208385e-08,0.00011279448205537917,0.00012506731439244714,0.9999999867625846,2.647483068419084e-08,0.00011107953094239386,0.00012036439857330099
8,1600,0,heldout_all_72,72,12.5,1.1129241668212473,2.0365522362353756,3.270882123483244,9.951897669885392,1.1153213894721985,2.041371676627692,3.2691765753926587,9.731528700247322,1.1200436790048507,2.0533586760534575,3.248655414672745,9.869304060781984,0.9649387101650824,0.06889328562494759,0.10541605227525098,0.24772236397992342,0.9811374319417907,0.03736933964266798,0.10676498655069191,0.1814208631162933,0.9811374319417908,0.03736933964266799,0.07769466587359515,0.18142086311629332,0.9895508768332391,0.02078906215856815,0.06358784753302217,0.13193300701224048
8,1600,0,heldout_near_16,16,12.5,1.1129241668212473,2.0365522362353756,3.270882123483244,9.951897669885392,1.1153213894721985,2.041371676627692,3.2691765753926587,9.731528700247322,1.1200436790048507,2.0533586760534575,3.248655414672745,9.869304060781984,0.9967136802789094,0.006561839544872207,0.033196448713935275,0.07398934163862478,0.9972796025259415,0.0054333943857003165,0.03322717593370255,0.06629283808656013,0.9972796025259414,0.005433394385700318,0.03236337927547667,0.06629283808656018,0.9974652823571709,0.005063010492129217,0.0320483931680227,0.06358443910699174
8,1600,0,heldout_far_56,56,12.5,1.1129241668212473,2.0365522362353756,3.270882123483244,9.951897669885392,1.1153213894721985,2.041371676627692,3.2691765753926587,9.731528700247322,1.1200436790048507,2.0533586760534575,3.248655414672745,9.869304060781984,0.9605380176448804,0.07736671665884313,0.11249416039614486,0.2620934039717708,0.9739116711347323,0.05149605682755301,0.11247099464727389,0.2157702646884665,0.9739116711347322,0.051496056827553024,0.08420764902285771,0.21577026468846647,0.9850544148701276,0.02966779974487067,0.05977051467431776,0.16423163220805556
8,1600,0,heldout_source_ge_5pct,23,12.5,1.1129241668212473,2.0365522362353756,3.270882123483244,9.951897669885392,1.1153213894721985,2.041371676627692,3.2691765753926587,9.731528700247322,1.1200436790048507,2.0533586760534575,3.248655414672745,9.869304060781984,0.997240918668909,0.005510550132390441,0.0502337733949874,0.05482535592469139,0.9973168493001122,0.005359102102097361,0.05068369325769191,0.05562548284105711,0.997316849300112,0.005359102102097359,0.04772562287887909,0.05562548284105713,0.9973425819497597,0.0053077742297869225,0.047405784763391086,0.055436767758030525
8,1600,0,heldout_source_lt_5pct,49,12.5,1.1129241668212473,2.0365522362353756,3.270882123483244,9.951897669885392,1.1153213894721985,2.041371676627692,3.2691765753926587,9.731528700247322,1.1200436790048507,2.0533586760534575,3.248655414672745,9.869304060781984,0.957907112837494,0.08241396317533686,0.12094292130471805,0.26801210724592645,0.9679378723723683,0.06309627522725274,0.12079029688112103,0.23597493946958106,0.9679378723723684,0.06309627522725272,0.09861265291509437,0.235974939469581,0.9779830709419703,0.043549112950912815,0.07734762056805865,0.19611141465734153
8,1600,0,heldout_left,23,12.5,1.1129241668212473,2.0365522362353756,3.270882123483244,9.951897669885392,1.1153213894721985,2.041371676627692,3.2691765753926587,9.731528700247322,1.1200436790048507,2.0533586760534575,3.248655414672745,9.869304060781984,0.9433260680727324,0.11013592929443893,0.07869457105706164,0.3254948085720647,0.958798718790246,0.08070501684618334,0.08119329718231794,0.28035085888247735,0.9587987187902459,0.08070501684618334,0.055193375613824314,0.28035085888247735,0.9758257665560517,0.04776407332529414,0.04002151969332763,0.21562019084330444
8,1600,0,heldout_right,49,12.5,1.1129241668212473,2.0365522362353756,3.270882123483244,9.951897669885392,1.1153213894721985,2.041371676627692,3.2691765753926587,9.731528700247322,1.1200436790048507,2.0533586760534575,3.248655414672745,9.869304060781984,0.993767472670525,0.01242621026203768,0.08342796865619957,0.08769048784724552,0.9955123540325428,0.008955152968584795,0.0913030273015712,0.07359515204635442,0.995512354032543,0.008955152968584795,0.06822432030323798,0.07359515204635446,0.9964499045057296,0.0070875878105228045,0.05806121206685706,0.06477981650704366
8,1600,0,common_input_128,128,12.5,1.1129241668212473,2.0365522362353756,3.270882123483244,9.951897669885392,1.1153213894721985,2.041371676627692,3.2691765753926587,9.731528700247322,1.1200436790048507,2.0533586760534575,3.248655414672745,9.869304060781984,0.9999999859070374,2.818592472980153e-08,0.00010953844561152265,0.0001275745197321831,0.9999999860098285,2.798034297920894e-08,0.00010953891254296487,0.00012506731439245668,0.9999999860098283,2.7980342979208385e-08,0.00011279448205537917,0.00012506731439244714,0.9999999867625846,2.647483068419084e-08,0.00011107953094239386,0.00012036439857330099
8,1600,0,common_heldout_all_72,23,12.5,1.1129241668212473,2.0365522362353756,3.270882123483244,9.951897669885392,1.1153213894721985,2.041371676627692,3.2691765753926587,9.731528700247322,1.1200436790048507,2.0533586760534575,3.248655414672745,9.869304060781984,0.9433260680727324,0.11013592929443893,0.07869457105706164,0.3254948085720647,0.958798718790246,0.08070501684618334,0.08119329718231794,0.28035085888247735,0.9587987187902459,0.08070501684618334,0.055193375613824314,0.28035085888247735,0.9758257665560517,0.04776407332529414,0.04002151969332763,0.21562019084330444
8,1600,0,common_heldout_near_16,8,12.5,1.1129241668212473,2.0365522362353756,3.270882123483244,9.951897669885392,1.1153213894721985,2.041371676627692,3.2691765753926587,9.731528700247322,1.1200436790048507,2.0533586760534575,3.248655414672745,9.869304060781984,0.995522984529041,0.008933987274390966,0.03335498411395974,0.08865509522591948,0.9961125643204055,0.0077597592030261685,0.033352827342740594,0.08238272960756111,0.9961125643204056,0.007759759203026161,0.031784519284032274,0.08238272960756109,0.9964288216007302,0.007129603483380028,0.030610204565186355,0.07893008343228132
8,1600,0,common_heldout_far_56,15,12.5,1.1129241668212473,2.0365522362353756,3.270882123483244,9.951897669885392,1.1153213894721985,2.041371676627692,3.2691765753926587,9.731528700247322,1.1200436790048507,2.0533586760534575,3.248655414672745,9.869304060781984,0.9752890403779297,0.04881128771869707,0.09085263377101231,0.2056347534696602,0.9773675915556517,0.04475259097670486,0.0934584919285397,0.20018792023542895,0.9773675915556514,0.044752590976704865,0.0779481266313281,0.20018792023542892,0.9818584244063545,0.03595403442227067,0.06289038888917262,0.181281499147901
8,1600,0,common_heldout_source_ge_5pct,7,12.5,1.1129241668212473,2.0365522362353756,3.270882123483244,9.951897669885392,1.1153213894721985,2.041371676627692,3.2691765753926587,9.731528700247322,1.1200436790048507,2.0533586760534575,3.248655414672745,9.869304060781984,0.9970508615380478,0.0058895795062367294,0.03379150275648083,0.0691608777498475,0.9973414081874409,0.005310115514692959,0.033853501903857025,0.06575466602620188,0.997341408187441,0.005310115514692955,0.03195627572963447,0.06575466602620189,0.9974814612751838,0.0050307344123242375,0.030733583016242877,0.06419943286507392
8,1600,0,common_heldout_source_lt_5pct,16,12.5,1.1129241668212473,2.0365522362353756,3.270882123483244,9.951897669885392,1.1153213894721985,2.041371676627692,3.2691765753926587,9.731528700247322,1.1200436790048507,2.0533586760534575,3.248655414672745,9.869304060781984,0.9708067183635274,0.057534315580238644,0.08801587551700893,0.22711320392648773,0.9731776440825325,0.05292527305797189,0.09020428449751942,0.22115492354706007,0.9731776440825323,0.052925273057971886,0.07328972719458778,0.22115492354706007,0.9787829313356433,0.0419839733260054,0.057229828596047944,0.19864673864642138
8,1600,0,common_heldout_left,23,12.5,1.1129241668212473,2.0365522362353756,3.270882123483244,9.951897669885392,1.1153213894721985,2.041371676627692,3.2691765753926587,9.731528700247322,1.1200436790048507,2.0533586760534575,3.248655414672745,9.869304060781984,0.9433260680727324,0.11013592929443893,0.07869457105706164,0.3254948085720647,0.958798718790246,0.08070501684618334,0.08119329718231794,0.28035085888247735,0.9587987187902459,0.08070501684618334,0.055193375613824314,0.28035085888247735,0.9758257665560517,0.04776407332529414,0.04002151969332763,0.21562019084330444
8,1600,1,input_128,128,12.5,0.8917864857908249,1.9281594428182258,3.3673134336422645,7.224061848405191,0.9053326616367051,1.9280684922438516,3.3705699350218095,7.49749423101418,0.9252701943047036,1.93011544356562,3.382012496646384,6.770321302464432,0.9999999845810019,3.0837996233033355e-08,0.00011095756174169,0.00013888834244979608,0.9999999859555662,2.8088867318055913e-08,0.00011095852083949358,0.00013293018765170187,0.9999999859555664,2.808886731805039e-08,0.00010183187809281772,0.00013293018765170024,0.999999985918398,2.8163203548245917e-08,0.00010206968063956743,0.00013299981736617178
8,1600,1,heldout_all_72,72,12.5,0.8917864857908249,1.9281594428182258,3.3673134336422645,7.224061848405191,0.9053326616367051,1.9280684922438516,3.3705699350218095,7.49749423101418,0.9252701943047036,1.93011544356562,3.382012496646384,6.770321302464432,0.9704112029684372,0.05830209715335039,0.08861932765380275,0.22633151696213555,0.9806230708920063,0.03837839283433103,0.09530293407527654,0.17575920053214059,0.9806230708920063,0.03837839283433103,0.09279405924068697,0.1757592005321406,0.9867514577756852,0.026321560577559976,0.08744853551735156,0.14133901020555573
8,1600,1,heldout_near_16,16,12.5,0.8917864857908249,1.9281594428182258,3.3673134336422645,7.224061848405191,0.9053326616367051,1.9280684922438516,3.3705699350218095,7.49749423101418,0.9252701943047036,1.93011544356562,3.382012496646384,6.770321302464432,0.997775308959726,0.004444432830323625,0.04798892816692842,0.04786845458245871,0.9977465584183466,0.004501805164345053,0.04823955096460707,0.04900922772960361,0.9977465584183465,0.004501805164345055,0.04756037030587612,0.04900922772960362,0.9978969879592862,0.0042016014217841945,0.046389002722853706,0.04758144670435051
8,1600,1,heldout_far_56,56,12.5,0.8917864857908249,1.9281594428182258,3.3673134336422645,7.224061848405191,0.9053326616367051,1.9280684922438516,3.3705699350218095,7.49749423101418,0.9252701943047036,1.93011544356562,3.382012496646384,6.770321302464432,0.9754867109907208,0.04842567668050579,0.07776906251131041,0.20739120735116215,0.9829799671317441,0.033750384217675136,0.07798446394095816,0.17068159501962224,0.9829799671317442,0.033750384217675136,0.07109999913592938,0.17068159501962227,0.9869743657404713,0.02588160137119459,0.06707696135170094,0.14741826789567805
8,1600,1,heldout_source_ge_5pct,23,12.5,0.8917864857908249,1.9281594428182258,3.3673134336422645,7.224061848405191,0.9053326616367051,1.9280684922438516,3.3705699350218095,7.49749423101418,0.9252701943047036,1.93011544356562,3.382012496646384,6.770321302464432,0.9940960618321534,0.011773019849803489,0.08229180035760393,0.074496648252741,0.9947091495199323,0.01055370786133307,0.08439862540207915,0.07163960823189591,0.9947091495199323,0.010553707861333068,0.0774238735458261,0.07163960823189591,0.9954059065021246,0.009167081300683524,0.07211289258521619,0.06804736965922717
8,1600,1,heldout_source_lt_5pct,49,12.5,0.8917864857908249,1.9281594428182258,3.3673134336422645,7.224061848405191,0.9053326616367051,1.9280684922438516,3.3705699350218095,7.49749423101418,0.9252701943047036,1.93011544356562,3.382012496646384,6.770321302464432,0.9750569506094178,0.04926394306826325,0.07918736393228261,0.20900684154414403,0.9813765764239214,0.03690001524646332,0.07953783582742355,0.17924899919286502,0.9813765764239212,0.03690001524646332,0.07272847543033271,0.179248999192865,0.9843056929779179,0.03114230277126098,0.06793360671939445,0.16441897171960418
8,1600,1,heldout_left,23,12.5,0.8917864857908249,1.9281594428182258,3.3673134336422645,7.224061848405191,0.9053326616367051,1.9280684922438516,3.3705699350218095,7.49749423101418,0.9252701943047036,1.93011544356562,3.382012496646384,6.770321302464432,0.9511450893582524,0.09532301898968198,0.06480522512089326,0.303085007879466,0.9712839952572894,0.056607400557037856,0.06675963869026483,0.2322054779100822,0.9712839952572893,0.05660740055703786,0.056553054815121025,0.23220547791008214,0.9858503561632627,0.0280990752527679,0.04995089075135232,0.16115531080988083
8,1600,1,heldout_right,49,12.5,0.8917864857908249,1.9281594428182258,3.3673134336422645,7.224061848405191,0.9053326616367051,1.9280684922438516,3.3705699350218095,7.49749423101418,0.9252701943047036,1.93011544356562,3.382012496646384,6.770321302464432,0.9872849939095674,0.02526834080098591,0.09119457410039987,0.12875573545457963,0.986950738718429,0.025928239343147346,0.10043737975415575,0.12517816666462794,0.986950738718429,0.025928239343147353,0.10202012569824624,0.12517816666462797,0.9881901833793448,0.023480161472696666,0.10322588232292487,0.1150018718422034
8,1600,1,common_input_128,128,12.5,0.8917864857908249,1.9281594428182258,3.3673134336422645,7.224061848405191,0.9053326616367051,1.9280684922438516,3.3705699350218095,7.49749423101418,0.9252701943047036,1.93011544356562,3.382012496646384,6.770321302464432,0.9999999845810019,3.0837996233033355e-08,0.00011095756174169,0.00013888834244979608,0.9999999859555662,2.8088867318055913e-08,0.00011095852083949358,0.00013293018765170187,0.9999999859555664,2.808886731805039e-08,0.00010183187809281772,0.00013293018765170024,0.999999985918398,2.8163203548245917e-08,0.00010206968063956743,0.00013299981736617178
8,1600,1,common_heldout_all_72,23,12.5,0.8917864857908249,1.9281594428182258,3.3673134336422645,7.224061848405191,0.9053326616367051,1.9280684922438516,3.3705699350218095,7.49749423101418,0.9252701943047036,1.93011544356562,3.382012496646384,6.770321302464432,0.9511450893582524,0.09532301898968198,0.06480522512089326,0.303085007879466,0.9712839952572894,0.056607400557037856,0.06675963869026483,0.2322054779100822,0.9712839952572893,0.05660740055703786,0.056553054815121025,0.23220547791008214,0.9858503561632627,0.0280990752527679,0.04995089075135232,0.16115531080988083
8,1600,1,common_heldout_near_16,8,12.5,0.8917864857908249,1.9281594428182258,3.3673134336422645,7.224061848405191,0.9053326616367051,1.9280684922438516,3.3705699350218095,7.49749423101418,0.9252701943047036,1.93011544356562,3.382012496646384,6.770321302464432,0.9985595262934235,0.0028788724486536453,0.03699158049080232,0.03931461153595185,0.9987052247847311,0.002587873987679693,0.03776814972520026,0.03838109615679675,0.9987052247847311,0.0025878739876796938,0.03435930442904663,0.03838109615679679,0.9987796764854956,0.002439157839528896,0.03304297918489196,0.037712911086858966
8,1600,1,common_heldout_far_56,15,12.5,0.8917864857908249,1.9281594428182258,3.3673134336422645,7.224061848405191,0.9053326616367051,1.9280684922438516,3.3705699350218095,7.49749423101418,0.9252701943047036,1.93011544356562,3.382012496646384,6.770321302464432,0.9656518046346236,0.06751659220589466,0.07098600759566978,0.25167203800397175,0.9682056840115417,0.06257775344774275,0.07301194974832133,0.24378689621651825,0.9682056840115418,0.06257775344774275,0.062387452376197396,0.24378689621651828,0.9755299416065789,0.048341333029064626,0.05167285058617314,0.2148458199590453
8,1600,1,common_heldout_source_ge_5pct,7,12.5,0.8917864857908249,1.9281594428182258,3.3673134336422645,7.224061848405191,0.9053326616367051,1.9280684922438516,3.3705699350218095,7.49749423101418,0.9252701943047036,1.93011544356562,3.382012496646384,6.770321302464432,0.9985580911470441,0.0028817386047714807,0.037752671463706734,0.03898102917790688,0.9987554421412412,0.0024875667932538546,0.03823963078690119,0.037371423679236175,0.9987554421412411,0.002487566793253859,0.03417851860002552,0.0373714236792362,0.9988412208524301,0.0023162155260270548,0.03261754081214296,0.03651932434896329
8,1600,1,common_heldout_source_lt_5pct,16,12.5,0.8917864857908249,1.9281594428182258,3.3673134336422645,7.224061848405191,0.9053326616367051,1.9280684922438516,3.3705699350218095,7.49749423101418,0.9252701943047036,1.93011544356562,3.382012496646384,6.770321302464432,0.9613678957611909,0.07577176899970009,0.06880278109679255,0.2681740937035854,0.9650413310243905,0.06869522941467307,0.07012408246855274,0.2566332464483184,0.9650413310243905,0.06869522941467308,0.05945350335280344,0.2566332464483184,0.9741815305354906,0.05097034556352893,0.049204922521285666,0.22129861470637743
8,1600,1,common_heldout_left,23,12.5,0.8917864857908249,1.9281594428182258,3.3673134336422645,7.224061848405191,0.9053326616367051,1.9280684922438516,3.3705699350218095,7.49749423101418,0.9252701943047036,1.93011544356562,3.382012496646384,6.770321302464432,0.9511450893582524,0.09532301898968198,0.06480522512089326,0.303085007879466,0.9712839952572894,0.056607400557037856,0.06675963869026483,0.2322054779100822,0.9712839952572893,0.05660740055703786,0.056553054815121025,0.23220547791008214,0.9858503561632627,0.0280990752527679,0.04995089075135232,0.16115531080988083
8,1600,2,input_128,128,12.5,0.8662282012780224,1.8387073524034596,2.953263552091425,5.94794213551297,0.880893039952749,1.841930916710006,2.957652767732461,6.394148791957336,0.9003549229695359,1.8485222583596637,2.955494011303543,5.9784126583811625,0.9999999940492187,1.1901561959115125e-08,6.208988987766199e-05,8.966396982240065e-05,0.9999999947192152,1.0561569564650123e-08,6.209001938987334e-05,8.196302079947145e-05,0.9999999947192154,1.0561569564650072e-08,6.120550649719237e-05,8.196302079945407e-05,0.9999999948952183,1.0209563606962464e-08,6.199666378526308e-05,7.980304212159348e-05
8,1600,2,heldout_all_72,72,12.5,0.8662282012780224,1.8387073524034596,2.953263552091425,5.94794213551297,0.880893039952749,1.841930916710006,2.957652767732461,6.394148791957336,0.9003549229695359,1.8485222583596637,2.955494011303543,5.9784126583811625,0.9709896161168666,0.0571791653932192,0.1347149112781263,0.22029232424840978,0.9790974061055229,0.0413682693574368,0.1404920967122733,0.18401019981335803,0.9790974061055229,0.041368269357436795,0.10672642967376142,0.18401019981335803,0.9852979641212466,0.02918792189852667,0.08507712610824428,0.15127208778460563
8,1600,2,heldout_near_16,16,12.5,0.8662282012780224,1.8387073524034596,2.953263552091425,5.94794213551297,0.880893039952749,1.841930916710006,2.957652767732461,6.394148791957336,0.9003549229695359,1.8485222583596637,2.955494011303543,5.9784126583811625,0.9963587799614362,0.007269181593758181,0.0534551440120557,0.06645802885764934,0.9966415241606684,0.006705672318699628,0.05474790331187876,0.06476296849953117,0.9966415241606685,0.00670567231869963,0.05025931980282058,0.06476296849953116,0.9967295024087512,0.006530299028003337,0.04997520209342655,0.0639383748034386
8,1600,2,heldout_far_56,56,12.5,0.8662282012780224,1.8387073524034596,2.953263552091425,5.94794213551297,0.880893039952749,1.841930916710006,2.957652767732461,6.394148791957336,0.9003549229695359,1.8485222583596637,2.955494011303543,5.9784126583811625,0.9776310261947089,0.04423757662148039,0.1379743205143053,0.19033517427601915,0.9844920782189687,0.030775347924096294,0.13746221277994078,0.16008436691330494,0.9844920782189687,0.030775347924096294,0.10184790640029223,0.16008436691330494,0.9889073414069827,0.022062270111373166,0.06362249933261237,0.13644185488689797
8,1600,2,heldout_source_ge_5pct,23,12.5,0.8662282012780224,1.8387073524034596,2.953263552091425,5.94794213551297,0.880893039952749,1.841930916710006,2.957652767732461,6.394148791957336,0.9003549229695359,1.8485222583596637,2.955494011303543,5.9784126583811625,0.9934947312970782,0.012968218884946307,0.0733654400494689,0.08807833602583971,0.9939675721956203,0.012028465423543898,0.07619293681019687,0.08529366833009702,0.9939675721956206,0.012028465423543898,0.07038797509096137,0.085293668330097,0.9946179026012879,0.010735227825014222,0.06775371676642536,0.0803182132476451
8,1600,2,heldout_source_lt_5pct,49,12.5,0.8662282012780224,1.8387073524034596,2.953263552091425,5.94794213551297,0.880893039952749,1.841930916710006,2.957652767732461,6.394148791957336,0.9003549229695359,1.8485222583596637,2.955494011303543,5.9784126583811625,0.9783144830252516,0.042900772303035045,0.14655959488688003,0.1840066092176871,0.9855206457810713,0.02874905673926014,0.1457908091291397,0.14971048430521108,0.9855206457810715,0.02874905673926014,0.11428014879418628,0.14971048430521106,0.9901858849547789,0.019531913236321814,0.0701419499616754,0.12421639367687501
8,1600,2,heldout_left,23,12.5,0.8662282012780224,1.8387073524034596,2.953263552091425,5.94794213551297,0.880893039952749,1.841930916710006,2.957652767732461,6.394148791957336,0.9003549229695359,1.8485222583596637,2.955494011303543,5.9784126583811625,0.9611681585392579,0.07615577101025199,0.07487412700824195,0.2685253122037873,0.9764084885705262,0.04662646344742068,0.07605226070138547,0.20807091705363073,0.9764084885705264,0.046626463447420684,0.06329867863094936,0.20807091705363076,0.9871357160266179,0.02556307814461654,0.057355751168525315,0.1503427950993447
8,1600,2,heldout_right,49,12.5,0.8662282012780224,1.8387073524034596,2.953263552091425,5.94794213551297,0.880893039952749,1.841930916710006,2.957652767732461,6.394148791957336,0.9003549229695359,1.8485222583596637,2.955494011303543,5.9784126583811625,0.9804950802152029,0.038629397673782734,0.14081353024412258,0.17305533798869666,0.9818697320114005,0.03593182935986055,0.14878423487141698,0.16679768318435265,0.9818697320114005,0.03593182935986054,0.11121475249560135,0.16679768318435262,0.9846414683629171,0.030481178780118728,0.08862791535103248,0.15206292828212417
8,1600,2,common_input_128,128,12.5,0.8662282012780224,1.8387073524034596,2.953263552091425,5.94794213551297,0.880893039952749,1.841930916710006,2.957652767732461,6.394148791957336,0.9003549229695359,1.8485222583596637,2.955494011303543,5.9784126583811625,0.9999999940492187,1.1901561959115125e-08,6.208988987766199e-05,8.966396982240065e-05,0.9999999947192152,1.0561569564650123e-08,6.209001938987334e-05,8.196302079947145e-05,0.9999999947192154,1.0561569564650072e-08,6.120550649719237e-05,8.196302079945407e-05,0.9999999948952183,1.0209563606962464e-08,6.199666378526308e-05,7.980304212159348e-05
8,1600,2,common_heldout_all_72,23,12.5,0.8662282012780224,1.8387073524034596,2.953263552091425,5.94794213551297,0.880893039952749,1.841930916710006,2.957652767732461,6.394148791957336,0.9003549229695359,1.8485222583596637,2.955494011303543,5.9784126583811625,0.9611681585392579,0.07615577101025199,0.07487412700824195,0.2685253122037873,0.9764084885705262,0.04662646344742068,0.07605226070138547,0.20807091705363073,0.9764084885705264,0.046626463447420684,0.06329867863094936,0.20807091705363076,0.9871357160266179,0.02556307814461654,0.057355751168525315,0.1503427950993447
8,1600,2,common_heldout_near_16,8,12.5,0.8662282012780224,1.8387073524034596,2.953263552091425,5.94794213551297,0.880893039952749,1.841930916710006,2.957652767732461,6.394148791957336,0.9003549229695359,1.8485222583596637,2.955494011303543,5.9784126583811625,0.9969592585537154,0.006072236784026222,0.05648814977752368,0.0550043885629006,0.9971048016038985,0.005782014618449882,0.05898259921960351,0.05612863605444643,0.9971048016038987,0.0057820146184498775,0.05283513415370307,0.05612863605444639,0.9972370791059054,0.005518208056321817,0.05113825189804019,0.055301670670665666
8,1600,2,common_heldout_far_56,15,12.5,0.8662282012780224,1.8387073524034596,2.953263552091425,5.94794213551297,0.880893039952749,1.841930916710006,2.957652767732461,6.394148791957336,0.9003549229695359,1.8485222583596637,2.955494011303543,5.9784126583811625,0.974540985700058,0.050269867190759564,0.08290840694127265,0.21344469461882873,0.9796767403752488,0.04023348436772725,0.08442803273045893,0.19233735352509115,0.9796767403752488,0.04023348436772724,0.06895630963724332,0.19233735352509115,0.9869124391361708,0.026003837478293733,0.04991757607119107,0.15537045897917046
8,1600,2,common_heldout_source_ge_5pct,7,12.5,0.8662282012780224,1.8387073524034596,2.953263552091425,5.94794213551297,0.880893039952749,1.841930916710006,2.957652767732461,6.394148791957336,0.9003549229695359,1.8485222583596637,2.955494011303543,5.9784126583811625,0.997358348910509,0.005276323858503616,0.04601518513475409,0.056489796152516716,0.9974805503701436,0.005032551633275396,0.047367246004329074,0.05628188041616209,0.9974805503701436,0.00503255163327539,0.04368973653037823,0.056281880416162035,0.9975784013726109,0.004837333114866466,0.042986680574977246,0.05511429816350069
8,1600,2,common_heldout_source_lt_5pct,16,12.5,0.8662282012780224,1.8387073524034596,2.953263552091425,5.94794213551297,0.880893039952749,1.841930916710006,2.957652767732461,6.394148791957336,0.9003549229695359,1.8485222583596637,2.955494011303543,5.9784126583811625,0.970669670033226,0.05780039167758792,0.08253380104343254,0.23062991515222608,0.9758204484714618,0.047774452344955115,0.08475820429993723,0.21122940001217416,0.9758204484714618,0.047774452344955115,0.06820770352623776,0.21122940001217416,0.9832298559357412,0.03325905039658153,0.04960975230003307,0.1771735658272304
8,1600,2,common_heldout_left,23,12.5,0.8662282012780224,1.8387073524034596,2.953263552091425,5.94794213551297,0.880893039952749,1.841930916710006,2.957652767732461,6.394148791957336,0.9003549229695359,1.8485222583596637,2.955494011303543,5.9784126583811625,0.9611681585392579,0.07615577101025199,0.07487412700824195,0.2685253122037873,0.9764084885705262,0.04662646344742068,0.07605226070138547,0.20807091705363073,0.9764084885705264,0.046626463447420684,0.06329867863094936,0.20807091705363076,0.9871357160266179,0.02556307814461654,0.057355751168525315,0.1503427950993447
8,1600,3,input_128,128,12.5,2.760970072731324,4.26254046646792,5.968573511837226,9.781906780867363,2.7597955554703453,4.262739148329366,5.96993588906149,9.785611523738499,2.761979250777356,4.2628211078084925,5.975026022002016,9.749210249094011,0.9999999775256112,4.494877703535054e-08,0.00013662828594421359,0.00016638230304419387,0.9999999825304998,3.493899956510748e-08,0.00013662933808619506,0.0001553897987063016,0.9999999825305002,3.493899956510603e-08,0.0001054571831867538,0.00015538979870628842,0.9999999833578418,3.3284315836058815e-08,0.00010388946589294736,0.00015103643469064747
8,1600,3,heldout_all_72,72,12.5,2.760970072731324,4.26254046646792,5.968573511837226,9.781906780867363,2.7597955554703453,4.262739148329366,5.96993588906149,9.785611523738499,2.761979250777356,4.2628211078084925,5.975026022002016,9.749210249094011,0.9654918516154989,0.06782548446407574,0.1149349374593659,0.24055453079443356,0.9828401886236448,0.03402516362623838,0.11443543583929196,0.16865036470821979,0.9828401886236448,0.0340251636262384,0.08428931575325002,0.1686503647082198,0.9891661432788046,0.021550340990935498,0.0708624691976267,0.1314463097396275
8,1600,3,heldout_near_16,16,12.5,2.760970072731324,4.26254046646792,5.968573511837226,9.781906780867363,2.7597955554703453,4.262739148329366,5.96993588906149,9.785611523738499,2.761979250777356,4.2628211078084925,5.975026022002016,9.749210249094011,0.9970176550412359,0.005955795536075212,0.04131831817685814,0.06521298260139571,0.9973794468823803,0.005234238936597079,0.04130013334402186,0.05891185356131111,0.9973794468823804,0.005234238936597077,0.041707311042572595,0.05891185356131104,0.9974230421691047,0.0051472749501281535,0.042127352758711316,0.05793423183817056
8,1600,3,heldout_far_56,56,12.5,2.760970072731324,4.26254046646792,5.968573511837226,9.781906780867363,2.7597955554703453,4.262739148329366,5.96993588906149,9.785611523738499,2.761979250777356,4.2628211078084925,5.975026022002016,9.749210249094011,0.9524594243175402,0.09282104502869971,0.12740932413186307,0.28150836702387494,0.9670144352379627,0.06488308204140376,0.12827755408615027,0.23668280516728216,0.9670144352379628,0.06488308204140378,0.1008303346147257,0.23668280516728218,0.9757537342729202,0.04790465005245104,0.08271569113670141,0.20394772198911118
8,1600,3,heldout_source_ge_5pct,23,12.5,2.760970072731324,4.26254046646792,5.968573511837226,9.781906780867363,2.7597955554703453,4.262739148329366,5.96993588906149,9.785611523738499,2.761979250777356,4.2628211078084925,5.975026022002016,9.749210249094011,0.9959632766260272,0.008057151612347687,0.0632532534072541,0.06428292909611699,0.9965524618085542,0.0068831908633099105,0.06383016159736776,0.05900872279000113,0.9965524618085545,0.0068831908633099105,0.05904991119934701,0.059008722790001106,0.9965934890991468,0.006801417485189246,0.059117466502943465,0.05854135559068361
8,1600,3,heldout_source_lt_5pct,49,12.5,2.760970072731324,4.26254046646792,5.968573511837226,9.781906780867363,2.7597955554703453,4.262739148329366,5.96993588906149,9.785611523738499,2.761979250777356,4.2628211078084925,5.975026022002016,9.749210249094011,0.9503937323847309,0.09675175344382082,0.13259108605806794,0.2874640706962404,0.9611420074778456,0.07620604146145696,0.13134676016997315,0.25717064982408144,0.9611420074778456,0.07620604146145697,0.11023587898835709,0.2571706498240815,0.9683354776142101,0.06232640279365975,0.09425609677086888,0.2339967173095244
8,1600,3,heldout_left,23,12.5,2.760970072731324,4.26254046646792,5.968573511837226,9.781906780867363,2.7597955554703453,4.262739148329366,5.96993588906149,9.785611523738499,2.761979250777356,4.2628211078084925,5.975026022002016,9.749210249094011,0.9627450394572402,0.07312198900047681,0.11315377126980607,0.2541518588631034,0.9752702109514567,0.04884801563070116,0.1237043991197606,0.21092447442598114,0.9752702109514567,0.048848015630701166,0.08233254218011704,0.21092447442598114,0.9854935533161729,0.028802456372263276,0.059046563541310666,0.1618661336544347
8,1600,3,heldout_right,49,12.5,2.760970072731324,4.26254046646792,5.968573511837226,9.781906780867363,2.7597955554703453,4.262739148329366,5.96993588906149,9.785611523738499,2.761979250777356,4.2628211078084925,5.975026022002016,9.749210249094011,0.9966735401194455,0.0066418544257717815,0.06491893629955349,0.05715204451758545,0.9970495832121654,0.005892128616447192,0.06712427796360283,0.054803229792310816,0.9970495832121654,0.005892128616447192,0.05745447794290324,0.05480322979231083,0.997228390984993,0.005535536213481832,0.05433929182236631,0.05269660373080453
8,1600,3,common_input_128,128,12.5,2.760970072731324,4.26254046646792,5.968573511837226,9.781906780867363,2.7597955554703453,4.262739148329366,5.96993588906149,9.785611523738499,2.761979250777356,4.2628211078084925,5.975026022002016,9.749210249094011,0.9999999775256112,4.494877703535054e-08,0.00013662828594421359,0.00016638230304419387,0.9999999825304998,3.493899956510748e-08,0.00013662933808619506,0.0001553897987063016,0.9999999825305002,3.493899956510603e-08,0.0001054571831867538,0.00015538979870628842,0.9999999833578418,3.3284315836058815e-08,0.00010388946589294736,0.00015103643469064747
8,1600,3,common_heldout_all_72,23,12.5,2.760970072731324,4.26254046646792,5.968573511837226,9.781906780867363,2.7597955554703453,4.262739148329366,5.96993588906149,9.785611523738499,2.761979250777356,4.2628211078084925,5.975026022002016,9.749210249094011,0.9627450394572402,0.07312198900047681,0.11315377126980607,0.2541518588631034,0.9752702109514567,0.04884801563070116,0.1237043991197606,0.21092447442598114,0.9752702109514567,0.048848015630701166,0.08233254218011704,0.21092447442598114,0.9854935533161729,0.028802456372263276,0.059046563541310666,0.1618661336544347
8,1600,3,common_heldout_near_16,8,12.5,2.760970072731324,4.26254046646792,5.968573511837226,9.781906780867363,2.7597955554703453,4.262739148329366,5.96993588906149,9.785611523738499,2.761979250777356,4.2628211078084925,5.975026022002016,9.749210249094011,0.9972039197276864,0.005584342479738044,0.0342008785295577,0.06626534750511233,0.9971766606270909,0.005638707500603774,0.03463434261533411,0.06417215032831526,0.9971766606270908,0.0056387075006037735,0.038726633086511524,0.06417215032831518,0.9972519044205941,0.005488639129497876,0.03984322416967698,0.06231792842552015
8,1600,3,common_heldout_far_56,15,12.5,2.760970072731324,4.26254046646792,5.968573511837226,9.781906780867363,2.7597955554703453,4.262739148329366,5.96993588906149,9.785611523738499,2.761979250777356,4.2628211078084925,5.975026022002016,9.749210249094011,0.980090852798595,0.039421920260522866,0.12225322669573668,0.1655972423520504,0.9847877572770987,0.030193073117142352,0.12888055271622964,0.1464824940843194,0.9847877572770987,0.03019307311714236,0.1080634718878509,0.14648249408431938,0.9907273465012403,0.018459324894611263,0.0881973554556735,0.11282624986477609
8,1600,3,common_heldout_source_ge_5pct,7,12.5,2.760970072731324,4.26254046646792,5.968573511837226,9.781906780867363,2.7597955554703453,4.262739148329366,5.96993588906149,9.785611523738499,2.761979250777356,4.2628211078084925,5.975026022002016,9.749210249094011,0.9978077464688859,0.0043797010866835065,0.035846309710456714,0.05547813557188578,0.9976533015860214,0.004687889834511397,0.03654111929187972,0.05537544305784095,0.9976533015860213,0.004687889834511399,0.04011535086855518,0.05537544305784093,0.9976573690538275,0.0046797739725947425,0.04097753849126073,0.054687494214353496
8,1600,3,common_heldout_source_lt_5pct,16,12.5,2.760970072731324,4.26254046646792,5.968573511837226,9.781906780867363,2.7597955554703453,4.262739148329366,5.96993588906149,9.785611523738499,2.761979250777356,4.2628211078084925,5.975026022002016,9.749210249094011,0.9771825118339869,0.04511433856581979,0.12223337490713285,0.18280591455477976,0.9817457350600216,0.03617531169145786,0.12985019535376943,0.16742484208368758,0.9817457350600218,0.03617531169145786,0.10600002137475276,0.1674248420836876,0.987558194305908,0.02472881285925503,0.08425354914063266,0.14011824053282168
8,1600,3,common_heldout_left,23,12.5,2.760970072731324,4.26254046646792,5.968573511837226,9.781906780867363,2.7597955554703453,4.262739148329366,5.96993588906149,9.785611523738499,2.761979250777356,4.2628211078084925,5.975026022002016,9.749210249094011,0.9627450394572402,0.07312198900047681,0.11315377126980607,0.2541518588631034,0.9752702109514567,0.04884801563070116,0.1237043991197606,0.21092447442598114,0.9752702109514567,0.048848015630701166,0.08233254218011704,0.21092447442598114,0.9854935533161729,0.028802456372263276,0.059046563541310666,0.1618661336544347
